NLC,Año,Flujo_Pasajeros
500,2007,5773625
500,2009,5459521
500,2014,6059017
500,2011,5462387
500,2016,6274649
500,2017,5731527
500,2018,5794685
500,2019,6186555
500,2020,3568528
500,2008,5816798
500,2012,5584934
500,2015,6235045
500,2010,5428316
500,2021,2902697
500,2013,5748994
501,2017,11303155
501,2020,2537108
501,2014,11444738
501,2013,10464425
501,2021,3467856
501,2015,11283478
501,2012,9850562
501,2008,10030975
501,2010,8873092
501,2019,10467974
501,2018,11160091
501,2016,11973122
501,2011,9228704
501,2009,9261249
501,2007,9558748
502,2016,8009494
502,2017,8459234
502,2013,6877712
502,2021,3525128
502,2018,9218140
502,2019,9956600
502,2014,7221566
502,2011,6235513
502,2009,5974176
502,2007,5572412
502,2008,6243135
502,2012,6647283
502,2020,2775844
502,2015,7527810
502,2010,6026534
503,2010,8974956
503,2008,8152761
503,2020,3144899
503,2019,14148654
503,2012,10134021
503,2014,12248009
503,2009,9047885
503,2007,7657338
503,2015,12839311
503,2013,11663144
503,2021,5611130
503,2016,13434630
503,2011,9157483
503,2018,13707738
503,2017,13262408
504,2009,-1
504,2015,-1
504,2018,3689702
504,2020,2283993
504,2014,-1
504,2012,-1
504,2019,3931217
504,2007,-1
504,2010,-1
504,2016,-1
504,2021,2623668
504,2013,-1
504,2017,3565490
504,2008,-1
504,2011,-1
505,2021,1345253
505,2016,3174845
505,2017,2896391
505,2019,2858439
505,2018,2796159
505,2010,2942987
505,2014,3171235
505,2012,2893236
505,2007,3005522
505,2013,2956888
505,2009,3044399
505,2008,3072270
505,2011,2945259
505,2015,3205455
505,2020,2064990
506,2011,2099560
506,2020,863361
506,2012,2097954
506,2015,2287149
506,2013,2041139
506,2021,946577
506,2019,2350099
506,2018,2130207
506,2017,2215502
506,2010,2109415
506,2007,2341347
506,2008,2171944
506,2009,2088199
506,2014,2439993
506,2016,2360700
507,2008,17824269
507,2007,16625983
507,2017,18236123
507,2019,17705761
507,2014,19217171
507,2010,17821157
507,2009,18051985
507,2011,17775047
507,2015,19756365
507,2021,7258744
507,2013,18930868
507,2012,18578717
507,2020,5255371
507,2018,17661269
507,2016,20100806
508,2010,8053512
508,2019,8772643
508,2014,8943726
508,2016,9940993
508,2018,8608964
508,2017,8806365
508,2013,8169485
508,2009,8048465
508,2011,8081810
508,2015,9794439
508,2021,4027456
508,2020,4429802
508,2012,8059174
508,2007,7738419
508,2008,8236817
509,2016,4645869
509,2010,4096044
509,2008,4250148
509,2009,4311751
509,2007,4314491
509,2017,4372042
509,2012,4155802
509,2018,4263555
509,2014,4713904
509,2020,2340827
509,2015,4550587
509,2011,4159371
509,2013,4479004
509,2019,4436265
509,2021,1963343
510,2008,3212954
510,2011,3067815
510,2009,3051762
510,2007,2734787
510,2019,2768340
510,2014,2900614
510,2017,2671088
510,2012,3017544
510,2016,3012524
510,2010,2977319
510,2021,1209093
510,2018,2651488
510,2020,999026
510,2013,3091593
510,2015,2802635
511,2014,32175422
511,2012,27744272
511,2011,27017574
511,2007,24009889
511,2017,27340420
511,2009,25636684
511,2008,24605375
511,2018,27349471
511,2019,28073310
511,2016,29754860
511,2010,26275325
511,2021,11147642
511,2020,8475976
511,2015,29379132
511,2013,28097997
512,2016,14637993
512,2013,12051320
512,2008,11560006
512,2019,13064682
512,2009,11549624
512,2007,11336548
512,2017,13584305
512,2011,11459978
512,2021,5356512
512,2014,13471439
512,2018,12706683
512,2012,11904117
512,2015,14178948
512,2020,5241275
512,2010,10897161
513,2015,57512971
513,2012,47749950
513,2010,43495766
513,2007,41882819
513,2013,48884756
513,2008,42823864
513,2020,15625280
513,2021,30132853
513,2016,64262200
513,2014,52306067
513,2009,40655415
513,2018,86393639
513,2019,92291003
513,2011,47804941
513,2017,90922111
514,2007,12787835
514,2016,15860320
514,2013,15224058
514,2020,17562493
514,2014,15592496
514,2017,19511102
514,2009,13045782
514,2019,21622036
514,2018,20580625
514,2008,11676598
514,2021,11353650
514,2012,14514735
514,2015,16055212
514,2011,13955938
514,2010,13719922
515,2008,952740
515,2021,647203
515,2019,1575379
515,2009,975225
515,2016,1633262
515,2018,1557996
515,2014,1351966
515,2013,1241272
515,2020,915270
515,2015,1406286
515,2010,1080144
515,2017,1543740
515,2007,859251
515,2011,1156751
515,2012,1118756
516,2017,6769847
516,2010,6456132
516,2020,3127255
516,2009,6349273
516,2019,6821846
516,2018,6689966
516,2016,7207423
516,2021,2900237
516,2014,7500664
516,2008,6778341
516,2013,7155458
516,2007,6698321
516,2011,6535580
516,2015,7295186
516,2012,6809659
517,2012,5541858
517,2010,5519178
517,2013,5493688
517,2017,4437691
517,2009,6439576
517,2019,4253914
517,2018,4335552
517,2014,5691226
517,2016,4756028
517,2020,1086943
517,2008,5982534
517,2021,1498957
517,2011,5100938
517,2007,6042651
517,2015,5219590
518,2012,2837652
518,2007,2314840
518,2008,2547549
518,2018,3477091
518,2021,1759768
518,2020,2756262
518,2010,2493471
518,2017,3458723
518,2013,3039868
518,2016,3545530
518,2014,3395647
518,2019,3461331
518,2011,2759530
518,2015,3490288
518,2009,2420863
519,2018,5811597
519,2014,5927817
519,2016,6482865
519,2010,6168717
519,2017,5926276
519,2013,5842725
519,2021,2609939
519,2008,6144764
519,2011,5747717
519,2019,5679733
519,2009,6080640
519,2007,5632841
519,2012,5806568
519,2020,2769409
519,2015,6155599
520,2018,14171711
520,2015,16164736
520,2019,14920047
520,2014,16076636
520,2016,16272340
520,2013,15272389
520,2010,15059643
520,2017,14720488
520,2021,6322604
520,2020,6849607
520,2008,14272056
520,2011,15086509
520,2009,15110104
520,2012,15055906
520,2007,14095386
521,2007,12621265
521,2012,9282172
521,2008,13137897
521,2014,13142562
521,2020,2894042
521,2017,14159864
521,2018,14288212
521,2021,4795990
521,2010,0
521,2009,0
521,2011,0
521,2015,13702647
521,2019,15533461
521,2013,12087967
521,2016,15449362
522,2021,6536601
522,2010,6101764
522,2019,12365373
522,2020,7413637
522,2015,8360092
522,2013,7898300
522,2016,8452553
522,2011,6468586
522,2017,10946261
522,2009,5679321
522,2008,6093247
522,2012,7304059
522,2018,11515668
522,2014,8633193
522,2007,6178833
523,2010,-1
523,2012,-1
523,2013,-1
523,2014,-1
523,2011,-1
523,2019,1859583
523,2017,1647718
523,2008,-1
523,2020,1402423
523,2015,-1
523,2016,-1
523,2009,-1
523,2018,1705909
523,2021,1237801
523,2007,-1
524,2012,38065150
524,2007,36695785
524,2008,36406455
524,2010,36868627
524,2021,15694939
524,2018,36165875
524,2020,9682506
524,2014,19799777
524,2013,39648205
524,2017,36853006
524,2016,39528650
524,2009,36850571
524,2019,37487361
524,2011,36022087
524,2015,37119274
525,2007,4138441
525,2017,5581683
525,2008,4140747
525,2014,5309004
525,2010,5088277
525,2020,1471942
525,2018,5413775
525,2021,2066434
525,2013,4887560
525,2009,4869438
525,2012,4840588
525,2011,4573373
525,2015,5358351
525,2016,5873875
525,2019,5547448
526,2021,879895
526,2010,1872411
526,2013,2077572
526,2018,2066569
526,2016,2322687
526,2019,2185122
526,2007,1863704
526,2012,1951651
526,2011,1887897
526,2015,2242854
526,2009,1934689
526,2017,2170793
526,2008,1983961
526,2014,2278211
526,2020,1041242
527,2017,6057231
527,2020,2953366
527,2015,6462300
527,2012,5738629
527,2009,5554259
527,2011,5592642
527,2013,6161808
527,2010,5302175
527,2016,6615420
527,2018,5749650
527,2014,6564869
527,2021,2509255
527,2008,5777529
527,2007,5497937
527,2019,5990306
528,2019,5229778
528,2015,6102443
528,2011,5081976
528,2010,5302929
528,2009,5083967
528,2018,5327619
528,2020,2660676
528,2017,5362773
528,2013,5601781
528,2016,5645547
528,2014,5765573
528,2008,5315977
528,2021,2257180
528,2007,4590692
528,2012,5180394
529,2017,2392436
529,2016,2493412
529,2009,2142167
529,2008,2190859
529,2014,2400107
529,2012,2125797
529,2015,2566618
529,2018,2396791
529,2013,2135435
529,2010,2137758
529,2007,1892404
529,2011,2209328
529,2019,2406723
529,2020,1348186
529,2021,1071927
530,2015,3685840
530,2012,2628177
530,2011,2750832
530,2019,4229591
530,2007,2652435
530,2021,2030519
530,2016,3789045
530,2014,3414885
530,2020,2575616
530,2009,2406403
530,2018,4093177
530,2010,2620645
530,2013,3210211
530,2017,3569032
530,2008,2745801
531,2009,1721626
531,2008,1597036
531,2015,2063838
531,2019,1856050
531,2012,1910147
531,2011,1849690
531,2007,1548767
531,2016,2188937
531,2013,1943928
531,2018,1844536
531,2021,1072751
531,2010,1794127
531,2014,2061303
531,2020,862044
531,2017,2195929
532,2020,2926900
532,2008,3513361
532,2021,1912270
532,2010,3680047
532,2014,4083381
532,2013,3614445
532,2009,3643813
532,2011,3787725
532,2019,4190341
532,2016,4519973
532,2012,3623525
532,2007,3173136
532,2015,4383772
532,2018,4208566
532,2017,4264418
533,2007,-1
533,2010,-1
533,2021,1601328
533,2017,4411647
533,2018,4501203
533,2016,-1
533,2009,-1
533,2012,-1
533,2015,-1
533,2013,-1
533,2008,-1
533,2020,851219
533,2019,4683701
533,2014,-1
533,2011,-1
534,2014,6003408
534,2008,4932319
534,2020,2343114
534,2021,2421295
534,2015,6126683
534,2010,5091188
534,2018,5226968
534,2017,5426372
534,2016,5725549
534,2011,5273722
534,2007,5333034
534,2012,5250363
534,2019,5603533
534,2013,5939278
534,2009,5083008
535,2021,9118497
535,2008,19643233
535,2018,19628395
535,2010,20962210
535,2016,22884901
535,2017,21239992
535,2015,21898497
535,2013,22515351
535,2014,23369124
535,2020,5509540
535,2012,21614759
535,2007,18777443
535,2019,20499697
535,2009,19673751
535,2011,20985400
536,2017,8996282
536,2021,2147772
536,2020,1559861
536,2014,5299813
536,2019,7108243
536,2008,4540496
536,2018,7399745
536,2010,3947306
536,2016,8983249
536,2015,7485065
536,2013,4644524
536,2007,4109347
536,2009,3932511
536,2012,4088480
536,2011,4047494
537,2016,2925484
537,2013,2378098
537,2014,2597229
537,2021,1249231
537,2017,2918453
537,2020,1501564
537,2015,2786006
537,2010,1613367
537,2018,2893090
537,2008,1560563
537,2011,1815525
537,2019,2981768
537,2012,1983360
537,2009,1646258
537,2007,1536223
538,2013,-1
538,2007,-1
538,2019,3175895
538,2011,-1
538,2010,-1
538,2012,-1
538,2014,-1
538,2020,1285216
538,2015,-1
538,2008,-1
538,2018,2628700
538,2017,1609537
538,2021,1794022
538,2009,-1
538,2016,-1
539,2009,1107806
539,2010,1095488
539,2020,818368
539,2017,1594941
539,2007,1307003
539,2008,1190880
539,2011,1188207
539,2019,1766734
539,2014,1476940
539,2016,1488465
539,2021,736602
539,2015,1437534
539,2013,1111515
539,2018,1789548
539,2012,1267837
540,2018,5232138
540,2021,2195398
540,2019,5448344
540,2008,4853951
540,2020,1661516
540,2015,5752495
540,2016,5608603
540,2013,5550362
540,2017,5556107
540,2007,4651929
540,2014,5893313
540,2011,4937923
540,2010,5253384
540,2009,5393268
540,2012,5340369
541,2014,16592089
541,2017,16775017
541,2011,16035269
541,2012,15898206
541,2016,18189655
541,2021,5469516
541,2007,14770603
541,2008,15385542
541,2010,15282247
541,2013,16523655
541,2015,16355373
541,2018,17033055
541,2009,14788758
541,2020,3405923
541,2019,17253849
542,2009,19829894
542,2015,21562479
542,2016,26844711
542,2013,20151962
542,2010,20213300
542,2017,21002144
542,2011,19789934
542,2014,19661756
542,2021,8251813
542,2020,4055183
542,2019,20963697
542,2008,20847113
542,2018,20303286
542,2007,19973153
542,2012,19884719
543,2019,1170792
543,2017,1081174
543,2011,617120
543,2010,464042
543,2020,616342
543,2013,689840
543,2016,1069954
543,2009,427435
543,2021,507495
543,2007,431532
543,2018,1121663
543,2015,875261
543,2008,449780
543,2014,813242
543,2012,652941
544,2016,531799
544,2010,440760
544,2017,477501
544,2021,192328
544,2007,379676
544,2018,503402
544,2014,534259
544,2019,524833
544,2020,247222
544,2011,459125
544,2008,406177
544,2015,559061
544,2009,396920
544,2013,520702
544,2012,486629
545,2016,2292764
545,2007,2222808
545,2018,2090004
545,2021,1013033
545,2020,1067866
545,2017,2138042
545,2014,2394985
545,2019,2443330
545,2008,2047946
545,2010,1925876
545,2012,2096264
545,2009,1945744
545,2011,1969078
545,2015,2148469
545,2013,2123339
546,2013,985762
546,2008,863869
546,2020,769367
546,2015,1137678
546,2018,1402308
546,2007,998828
546,2016,1070254
546,2021,803805
546,2019,1492279
546,2011,906215
546,2014,1056777
546,2010,850080
546,2017,1469208
546,2012,1008639
546,2009,859496
547,2012,9214447
547,2009,8974193
547,2011,9055568
547,2019,9644363
547,2014,8938345
547,2010,8972239
547,2020,4500440
547,2017,9926782
547,2015,10072099
547,2008,9049110
547,2021,4712092
547,2007,8770323
547,2018,9711927
547,2016,10043328
547,2013,8938504
548,2013,6169702
548,2019,6136734
548,2015,7026138
548,2017,6498663
548,2020,2868042
548,2012,5822763
548,2008,5849119
548,2007,5710997
548,2009,5571082
548,2021,3273797
548,2018,6009179
548,2016,6903645
548,2014,6668320
548,2010,5654465
548,2011,5826772
549,2013,7584358
549,2019,8095216
549,2017,8205230
549,2020,3382641
549,2011,7817425
549,2015,8584904
549,2008,7599107
549,2016,8797066
549,2018,7977126
549,2021,3758231
549,2014,8470361
549,2010,7480900
549,2009,7533922
549,2012,7797633
549,2007,7379611
550,2010,1669304
550,2020,886857
550,2007,1632508
550,2009,1674679
550,2021,836566
550,2015,1847585
550,2018,1779062
550,2016,2040080
550,2011,1721307
550,2012,1805737
550,2014,1945096
550,2013,1969644
550,2017,1828835
550,2008,1764804
550,2019,1864419
551,2019,7700808
551,2008,4100077
551,2017,6781366
551,2020,4335294
551,2012,4270547
551,2007,3790294
551,2011,4126576
551,2010,3934526
551,2014,5397362
551,2013,4536889
551,2009,4092350
551,2015,5946531
551,2021,3432152
551,2018,7109001
551,2016,6227278
552,2021,3024060
552,2018,6398401
552,2009,5295083
552,2015,6515664
552,2016,6715162
552,2011,5574812
552,2010,5563220
552,2019,6836968
552,2013,5786354
552,2017,6346134
552,2014,6312901
552,2008,5481712
552,2020,3666803
552,2007,5236159
552,2012,5681757
553,2020,1621548
553,2008,17512618
553,2010,19601670
553,2011,20279268
553,2019,16550043
553,2007,12742497
553,2014,15382692
553,2009,18710061
553,2021,7484432
553,2015,14669250
553,2016,17188811
553,2018,15756864
553,2017,16524381
553,2013,21165350
553,2012,21292698
554,2018,1062083
554,2013,921058
554,2015,1059406
554,2017,1078929
554,2008,749237
554,2019,1121607
554,2020,515420
554,2010,781132
554,2007,729529
554,2012,891178
554,2014,1030296
554,2011,818349
554,2016,1078029
554,2009,778399
554,2021,487950
555,2007,2091664
555,2013,2418659
555,2008,2144847
555,2020,2490581
555,2017,2850852
555,2012,2288282
555,2014,2662063
555,2011,2222392
555,2018,2889563
555,2016,2976440
555,2010,2114481
555,2019,2953138
555,2009,2161884
555,2021,1496282
555,2015,2858892
556,2010,4204570
556,2011,4710937
556,2021,2869564
556,2009,4239210
556,2015,6065247
556,2016,6043690
556,2018,5763663
556,2007,3724772
556,2014,5800005
556,2012,4912327
556,2020,4552421
556,2008,4081804
556,2019,5853372
556,2017,5779848
556,2013,5156354
557,2011,2121108
557,2012,2198209
557,2017,2356317
557,2020,1512812
557,2013,2298091
557,2008,1761946
557,2014,2476133
557,2019,2380050
557,2010,2022055
557,2015,2462500
557,2009,1895992
557,2018,2377124
557,2016,2469953
557,2021,1106863
557,2007,1776413
558,2021,1865453
558,2017,4033111
558,2010,3000811
558,2012,3181564
558,2007,3799620
558,2019,4016751
558,2008,3658275
558,2013,3231810
558,2011,3076494
558,2020,2754026
558,2014,3079019
558,2009,3292754
558,2015,3085602
558,2018,3853604
558,2016,4180094
559,2018,1827325
559,2016,-1
559,2009,-1
559,2010,-1
559,2017,2109077
559,2021,1505609
559,2020,1085312
559,2012,-1
559,2019,1899803
559,2015,-1
559,2011,-1
559,2008,-1
559,2007,-1
559,2013,-1
559,2014,-1
560,2018,18435715
560,2009,16621251
560,2021,8307429
560,2010,16512739
560,2020,8852929
560,2011,16091415
560,2015,16840132
560,2016,18604788
560,2014,17380138
560,2007,17527677
560,2012,16089675
560,2017,15947455
560,2008,17864990
560,2013,16640277
560,2019,19036772
561,2012,3235644
561,2009,3194100
561,2013,3340949
561,2015,3516563
561,2014,3569884
561,2020,1610901
561,2007,3418822
561,2017,3030959
561,2008,3396396
561,2018,3035829
561,2011,3248444
561,2019,3068294
561,2010,3202138
561,2016,3177674
561,2021,1308100
562,2021,8396552
562,2018,18512627
562,2013,21266746
562,2019,19127125
562,2010,21205003
562,2009,19693008
562,2011,20965776
562,2012,21026733
562,2016,19998114
562,2014,22005021
562,2008,20425800
562,2017,18918916
562,2007,20860682
562,2015,20501361
562,2020,7898110
563,2020,2726902
563,2014,4016859
563,2008,3898147
563,2010,3410281
563,2007,3643990
563,2009,3514320
563,2013,3881384
563,2011,3408355
563,2015,4009433
563,2017,3872967
563,2016,4122793
563,2018,3866457
563,2012,3473199
563,2019,4081695
563,2021,1326939
564,2007,2352457
564,2011,2432119
564,2016,2943186
564,2018,2791569
564,2014,2758170
564,2020,1365559
564,2015,2833742
564,2008,2456081
564,2010,2347552
564,2019,2825453
564,2013,2628771
564,2017,2867252
564,2012,2517541
564,2009,2412104
564,2021,1187714
565,2015,7342555
565,2007,5712898
565,2013,6558418
565,2010,6231882
565,2017,6953760
565,2011,6291627
565,2016,7470306
565,2019,6866724
565,2020,2870898
565,2021,2809498
565,2012,6304646
565,2018,6637732
565,2009,5828206
565,2008,5946420
565,2014,7323942
566,2009,12680742
566,2012,13312177
566,2020,8485806
566,2011,13365416
566,2016,14746847
566,2019,13011044
566,2008,12670617
566,2014,14816407
566,2018,13246713
566,2007,12378046
566,2013,13581725
566,2015,15094316
566,2010,13118180
566,2017,13938124
566,2021,5966757
567,2009,5608638
567,2015,5995120
567,2020,3056532
567,2018,6109009
567,2016,6369310
567,2012,5331607
567,2021,3007533
567,2011,4930995
567,2019,6445888
567,2010,4924570
567,2013,5652154
567,2008,5806866
567,2014,6140774
567,2007,5774841
567,2017,5875905
568,2017,5013738
568,2014,4585383
568,2008,3716011
568,2012,4083055
568,2018,4842434
568,2010,4394459
568,2021,2278683
568,2013,4090187
568,2019,4922141
568,2009,4334651
568,2015,4776513
568,2007,3459673
568,2016,5188838
568,2020,2815355
568,2011,4372808
569,2018,6743070
569,2016,6963367
569,2008,6039515
569,2020,2835355
569,2009,6800343
569,2007,5992876
569,2011,5937083
569,2019,6737179
569,2015,7210074
569,2021,2838710
569,2012,6311978
569,2013,8194414
569,2010,5885942
569,2017,6801573
569,2014,7330752
570,2021,7881463
570,2013,17674326
570,2011,17717370
570,2020,8559895
570,2014,18482055
570,2012,17959946
570,2017,20987746
570,2008,18536376
570,2018,19132578
570,2010,18226123
570,2016,23295457
570,2007,17132279
570,2019,19754830
570,2009,18325234
570,2015,19088917
571,2020,2007136
571,2016,3096321
571,2018,3076370
571,2019,3143319
571,2015,3004341
571,2014,2992367
571,2011,2443469
571,2013,2628329
571,2021,1406370
571,2009,2389794
571,2007,2236093
571,2008,2395057
571,2012,2493005
571,2010,2333965
571,2017,3122720
572,2017,3778082
572,2019,4084533
572,2021,1890743
572,2012,3029117
572,2011,3095119
572,2018,4048867
572,2020,1909072
572,2007,2300707
572,2015,3330335
572,2009,2780380
572,2008,2480435
572,2014,3071273
572,2016,3770408
572,2010,2864072
572,2013,3144293
573,2013,-1
573,2012,-1
573,2008,-1
573,2021,8491604
573,2020,8083374
573,2015,-1
573,2007,-1
573,2019,14589695
573,2018,14587785
573,2017,15515983
573,2009,-1
573,2016,-1
573,2011,-1
573,2010,-1
573,2014,-1
574,2009,31123724
574,2019,41092380
574,2007,25783341
574,2017,40735345
574,2015,42159332
574,2020,8794406
574,2018,39254276
574,2021,15882123
574,2013,38026531
574,2010,33573987
574,2008,28125051
574,2012,37526909
574,2014,41331265
574,2016,43099154
574,2011,35324569
575,2012,11358790
575,2010,10030805
575,2021,5263980
575,2018,13858401
575,2013,12358617
575,2016,14395409
575,2007,9958819
575,2014,14328440
575,2008,10584757
575,2009,10709239
575,2015,14878866
575,2017,13495131
575,2020,3668927
575,2011,10885783
575,2019,14119388
576,2014,1088742
576,2007,696707
576,2016,1197309
576,2008,803974
576,2019,1248117
576,2010,843647
576,2013,966835
576,2018,1181967
576,2009,826818
576,2011,922346
576,2020,687862
576,2015,1134269
576,2017,1179427
576,2012,906250
576,2021,541194
577,2017,19325838
577,2014,23628728
577,2019,25924012
577,2007,18284982
577,2008,18835943
577,2010,16812389
577,2016,15874802
577,2018,25016753
577,2013,21764657
577,2011,19024321
577,2009,15674901
577,2020,5899244
577,2012,20402371
577,2015,23775738
577,2021,8497573
578,2016,6949909
578,2008,5053947
578,2012,5507100
578,2007,4941846
578,2020,3718793
578,2017,6859802
578,2013,5332385
578,2010,5312454
578,2018,8075893
578,2021,3523038
578,2009,5119310
578,2019,8485023
578,2014,5676484
578,2011,5494164
578,2015,5779925
579,2009,9308551
579,2007,9778138
579,2014,10061287
579,2019,9187606
579,2018,9124495
579,2013,9898800
579,2017,9134559
579,2008,10177917
579,2016,9998400
579,2020,4696641
579,2021,3908195
579,2012,9366745
579,2010,8846550
579,2011,8976869
579,2015,9951123
580,2010,23461314
580,2018,31540207
580,2011,24288678
580,2013,27072271
580,2009,23213512
580,2016,32738968
580,2008,26299025
580,2007,24801026
580,2014,27995495
580,2019,33396270
580,2012,26036007
580,2020,15817399
580,2017,29633479
580,2021,14048632
580,2015,28847088
581,2007,10291098
581,2015,10714422
581,2019,8816445
581,2021,4148235
581,2018,8704059
581,2010,9301691
581,2017,9149885
581,2011,9562872
581,2013,9944627
581,2020,3911983
581,2012,9495761
581,2014,10766495
581,2009,9675655
581,2016,10153787
581,2008,9634101
582,2017,6491292
582,2012,5594100
582,2011,5477918
582,2019,6358482
582,2018,6174918
582,2014,6560896
582,2007,4527348
582,2015,6588251
582,2016,7143148
582,2020,3741492
582,2010,5064420
582,2008,4692610
582,2009,5257959
582,2013,5986579
582,2021,2835478
583,2018,13311849
583,2017,13100020
583,2021,6967643
583,2011,14162419
583,2020,3933949
583,2008,13523413
583,2016,13975040
583,2009,13734309
583,2010,14484620
583,2013,14912967
583,2012,14193918
583,2019,13738684
583,2007,13606370
583,2015,14203922
583,2014,11963929
584,2015,8700123
584,2007,7642484
584,2008,7669104
584,2020,3897645
584,2010,7968265
584,2016,8511338
584,2014,8250104
584,2017,7973435
584,2012,7635532
584,2019,7895394
584,2013,7397006
584,2011,7810571
584,2021,3332144
584,2009,7897576
584,2018,7897011
585,2012,1720631
585,2007,1592604
585,2018,2109767
585,2016,2123640
585,2011,1604110
585,2015,2088026
585,2009,1578490
585,2020,972028
585,2008,1766816
585,2010,1491855
585,2013,1793796
585,2014,2095140
585,2019,2127422
585,2017,2033590
585,2021,954301
586,2007,7936215
586,2016,8463593
586,2018,7316006
586,2021,2537086
586,2011,10616578
586,2014,8378693
586,2019,8507731
586,2013,8229689
586,2017,7185458
586,2012,8613806
586,2015,8841266
586,2020,1625476
586,2008,8493547
586,2010,9033065
586,2009,8698646
587,2007,395276
587,2016,663262
587,2008,456222
587,2011,488191
587,2009,441456
587,2010,488583
587,2014,600016
587,2019,652468
587,2017,639841
587,2015,657661
587,2012,538851
587,2013,562391
587,2020,296723
587,2018,642034
587,2021,232680
588,2011,7166285
588,2014,8427474
588,2009,6884487
588,2015,8343311
588,2019,7974138
588,2012,7358443
588,2017,7732903
588,2020,2635853
588,2013,7577960
588,2018,7728904
588,2010,6792179
588,2008,6958828
588,2007,6211202
588,2016,8657946
588,2021,2685637
589,2017,4452187
589,2018,4206392
589,2019,4170423
589,2020,2964852
589,2011,3947974
589,2014,4629465
589,2009,3494518
589,2015,4716521
589,2013,4346343
589,2008,3533585
589,2012,4053459
589,2016,4806850
589,2007,3515276
589,2010,3666996
589,2021,2049869
590,2014,39830418
590,2008,29618755
590,2011,31724096
590,2019,39059216
590,2018,36793171
590,2016,41241175
590,2009,28258541
590,2010,29365627
590,2007,30034360
590,2020,9446617
590,2015,39552887
590,2012,33987599
590,2017,37397425
590,2013,35459916
590,2021,15943763
591,2017,7706666
591,2010,3932489
591,2014,5411649
591,2011,4393537
591,2008,3670975
591,2015,5410585
591,2019,7833201
591,2020,2878121
591,2009,3825968
591,2016,5784841
591,2007,3657932
591,2018,7694633
591,2021,2942058
591,2013,4553739
591,2012,4643672
592,2008,2379573
592,2012,2861768
592,2014,3481574
592,2019,3644122
592,2015,3607791
592,2017,3619745
592,2016,3738019
592,2018,3584797
592,2009,2525353
592,2011,2949499
592,2007,2241634
592,2013,3146946
592,2021,1732237
592,2020,2625053
592,2010,2694964
593,2019,27049240
593,2010,27883056
593,2018,26958703
593,2017,27831099
593,2015,28834401
593,2014,29261687
593,2020,9895644
593,2012,28647767
593,2011,28941207
593,2013,29286237
593,2021,10798249
593,2007,27175566
593,2016,29417701
593,2009,27434766
593,2008,28984656
594,2008,4533549
594,2015,4557566
594,2020,2259516
594,2009,4731740
594,2007,4308191
594,2019,4665745
594,2016,4637096
594,2013,4285503
594,2021,2111620
594,2012,4377572
594,2011,4313065
594,2010,4506235
594,2018,4441422
594,2017,4564741
594,2014,4364454
595,2009,3150901
595,2019,3548004
595,2007,2939052
595,2018,3551843
595,2011,3362341
595,2015,3949461
595,2010,3234191
595,2016,4095538
595,2013,3629301
595,2020,1904069
595,2021,1467628
595,2008,2922462
595,2017,3702916
595,2014,3843017
595,2012,3453605
596,2012,2425550
596,2018,4331195
596,2010,2047840
596,2017,4377369
596,2007,2196043
596,2019,4385766
596,2014,2773017
596,2011,2280123
596,2016,3099292
596,2008,2242642
596,2009,2230090
596,2015,3007807
596,2020,3267039
596,2021,2321402
596,2013,2603902
597,2012,4452893
597,2020,4723786
597,2021,3884873
597,2008,4306316
597,2015,5002877
597,2009,3892857
597,2013,4659489
597,2014,4512161
597,2016,4963518
597,2018,8136921
597,2019,8159774
597,2017,8142878
597,2010,4279192
597,2007,5055445
597,2011,4468738
598,2015,10259516
598,2020,6185709
598,2010,8490159
598,2014,9868855
598,2016,10665325
598,2012,8847439
598,2018,10208999
598,2008,9359403
598,2017,10417901
598,2007,9379157
598,2011,8749578
598,2009,8591134
598,2019,10698286
598,2021,4761645
598,2013,9205889
599,2018,4524340
599,2015,3698414
599,2017,3804000
599,2021,2194795
599,2009,3099767
599,2007,-1
599,2013,3444011
599,2019,4739497
599,2008,3820056
599,2010,3349472
599,2014,3982886
599,2011,3437870
599,2012,3651658
599,2016,3678778
599,2020,1359848
601,2017,7420133
601,2011,7014001
601,2007,5396142
601,2021,2933496
601,2018,7297644
601,2010,6259561
601,2013,6843039
601,2016,8130262
601,2009,6076148
601,2014,7404483
601,2008,5914764
601,2012,6825826
601,2020,3385014
601,2019,7190413
601,2015,7970028
602,2016,3647152
602,2019,4047339
602,2008,2729056
602,2020,2028542
602,2013,2796356
602,2018,4014753
602,2012,2876354
602,2014,3234777
602,2021,1826421
602,2010,2858999
602,2015,3648827
602,2009,2731024
602,2011,3141483
602,2017,4062201
602,2007,2613467
603,2011,16258236
603,2007,13791446
603,2021,20632454
603,2008,13726413
603,2017,42177220
603,2019,41117739
603,2009,14327026
603,2016,20222247
603,2013,18134071
603,2020,16202663
603,2018,38981796
603,2012,16770439
603,2014,18283137
603,2010,13935961
603,2015,18443978
604,2010,4984884
604,2011,4980182
604,2020,2341117
604,2014,5042899
604,2018,5362797
604,2019,5652865
604,2008,4851078
604,2016,5769258
604,2013,4637186
604,2012,4759258
604,2009,4967615
604,2017,5581536
604,2007,4493334
604,2021,2428486
604,2015,5482772
605,2021,4454568
605,2018,11889198
605,2007,12603269
605,2017,12115781
605,2014,13784783
605,2010,12014816
605,2012,12898984
605,2013,13458770
605,2011,11994054
605,2008,13264423
605,2020,3574133
605,2016,13103200
605,2019,11691230
605,2009,12522052
605,2015,13362540
606,2018,1704504
606,2009,1333287
606,2013,1634164
606,2008,1388554
606,2014,1798747
606,2017,1726384
606,2020,840109
606,2021,747141
606,2011,1400024
606,2016,1772004
606,2012,1482669
606,2019,1648055
606,2015,1856117
606,2010,1299003
606,2007,1314434
607,2015,40530196
607,2012,31506714
607,2007,31106138
607,2008,30184057
607,2011,31981518
607,2010,31263127
607,2021,11252228
607,2020,7171859
607,2017,31015758
607,2019,31253089
607,2014,36315818
607,2009,30098285
607,2016,33956572
607,2018,30740262
607,2013,34022691
608,2021,1618471
608,2018,3377648
608,2020,1993894
608,2008,3881522
608,2014,3161254
608,2017,3451841
608,2013,3393821
608,2010,3386341
608,2012,3318275
608,2011,3369348
608,2009,3504855
608,2016,3225381
608,2015,3366174
608,2019,3722034
608,2007,3619151
609,2017,6438237
609,2015,6728651
609,2016,6719981
609,2008,7672912
609,2018,6146893
609,2011,8049972
609,2021,2882905
609,2009,7672303
609,2019,6687750
609,2014,6662884
609,2012,7182872
609,2007,7486616
609,2010,7703412
609,2013,7146236
609,2020,2260557
610,2016,2108498
610,2021,934752
610,2011,1977139
610,2014,2145267
610,2019,2139412
610,2018,2108849
610,2008,1957187
610,2013,1988632
610,2007,1850705
610,2010,1932145
610,2012,2001895
610,2020,1247419
610,2009,1948563
610,2015,2023958
610,2017,2138383
611,2014,4009715
611,2019,3635704
611,2018,3575375
611,2012,3782288
611,2020,1947240
611,2007,3558003
611,2013,3929167
611,2010,3940066
611,2011,3904224
611,2021,1519626
611,2017,3748113
611,2015,4010773
611,2009,3798709
611,2008,3629728
611,2016,3825932
612,2021,1773818
612,2020,2333768
612,2013,4340980
612,2007,3841365
612,2015,4515142
612,2016,3870493
612,2018,3729904
612,2017,3829625
612,2012,4170686
612,2019,3920633
612,2014,4666573
612,2011,4269133
612,2010,4224896
612,2009,4022150
612,2008,3859951
613,2012,3241375
613,2014,3610222
613,2015,3545552
613,2011,3179685
613,2018,3324930
613,2008,2951171
613,2009,3101392
613,2017,3330306
613,2013,3337658
613,2019,3531951
613,2016,3545471
613,2021,1550628
613,2007,3077732
613,2020,1825754
613,2010,3195330
614,2013,5802785
614,2011,6069371
614,2014,5836879
614,2010,5865670
614,2007,5596755
614,2009,6189372
614,2018,4567539
614,2020,1689055
614,2017,5218249
614,2015,7436827
614,2019,4438810
614,2016,6310733
614,2012,5785461
614,2021,1883530
614,2008,6421740
615,2009,1008689
615,2016,1166906
615,2019,1118573
615,2015,1190362
615,2013,1073393
615,2011,982403
615,2010,960080
615,2014,1155563
615,2012,1055454
615,2007,1068404
615,2018,1142440
615,2008,1028714
615,2021,480785
615,2017,1119734
615,2020,554519
616,2018,5032526
616,2017,5286728
616,2008,4181238
616,2020,2398479
616,2016,5592864
616,2021,2486398
616,2015,5529121
616,2010,4316946
616,2014,4958303
616,2011,4515496
616,2012,4587700
616,2013,4679885
616,2007,4154822
616,2009,4125256
616,2019,5508345
617,2016,2724536
617,2015,2563193
617,2018,3263687
617,2008,2630829
617,2017,3453907
617,2021,1504204
617,2020,1715567
617,2009,2185069
617,2019,3356941
617,2012,2540968
617,2010,2325176
617,2013,2562212
617,2011,2319179
617,2007,2386962
617,2014,2279364
618,2011,1737833
618,2008,1315876
618,2013,1876505
618,2021,1622491
618,2009,1274996
618,2015,2008711
618,2016,2047039
618,2020,1275099
618,2018,3364717
618,2017,4946651
618,2007,951910
618,2012,1795637
618,2019,3804436
618,2014,1947507
618,2010,1286366
619,2008,7098142
619,2020,3257153
619,2017,7938048
619,2007,6433038
619,2019,8121594
619,2018,7598874
619,2021,3708705
619,2015,10493555
619,2016,8358081
619,2009,7278897
619,2012,7584083
619,2014,7719158
619,2010,7443081
619,2011,7214610
619,2013,6449580
620,2007,1443277
620,2013,2017375
620,2010,1824917
620,2009,1676705
620,2014,1957589
620,2012,1972680
620,2011,1942100
620,2019,2750164
620,2017,2859905
620,2018,2745537
620,2021,1446419
620,2015,2116417
620,2008,1471735
620,2020,2101808
620,2016,2078584
621,2018,5320709
621,2008,3168320
621,2020,2305428
621,2019,5263515
621,2011,3131336
621,2007,3298111
621,2015,3549683
621,2016,4176827
621,2021,3032919
621,2014,3561549
621,2009,3224467
621,2012,3239675
621,2013,3522717
621,2010,3340697
621,2017,5550127
622,2012,7686365
622,2014,7865471
622,2017,8161692
622,2018,8055599
622,2015,8269437
622,2008,8557713
622,2020,3945831
622,2009,7852189
622,2021,3297471
622,2016,8582187
622,2011,7521454
622,2013,7790047
622,2010,7198815
622,2007,8501716
622,2019,8116651
623,2019,3285734
623,2020,1482189
623,2018,3271343
623,2011,3455765
623,2014,3381792
623,2010,3785729
623,2013,3480874
623,2021,1375207
623,2017,3185489
623,2015,3417148
623,2016,3428178
623,2012,3450656
623,2009,4068411
623,2007,3362624
623,2008,3622475
624,2013,4117979
624,2015,4968747
624,2007,3328493
624,2019,4551665
624,2018,4637313
624,2014,4586917
624,2008,3324353
624,2012,3734715
624,2009,3333201
624,2016,5122530
624,2011,3442077
624,2010,3106205
624,2017,4958925
624,2021,2067899
624,2020,3236734
625,2010,72576764
625,2015,93413018
625,2008,67067757
625,2019,88273827
625,2007,66359149
625,2021,36734085
625,2011,77110350
625,2017,92620193
625,2013,84866822
625,2014,91984534
625,2016,95030793
625,2012,80970688
625,2020,18837593
625,2018,87839231
625,2009,66152528
626,2016,19086044
626,2019,16528117
626,2008,19641276
626,2017,16241434
626,2009,20162113
626,2010,20197731
626,2018,16509261
626,2020,4464303
626,2014,21471485
626,2012,21566053
626,2013,21469435
626,2021,7453212
626,2011,20699238
626,2015,20296928
626,2007,21574755
627,2015,5813508
627,2021,2648507
627,2011,5089394
627,2010,5229544
627,2009,5121354
627,2007,4841505
627,2020,2835701
627,2017,5652798
627,2013,5665472
627,2008,5438843
627,2018,5597827
627,2014,6077566
627,2019,6130079
627,2016,5801892
627,2012,5299764
628,2013,3023974
628,2017,3337188
628,2007,2939717
628,2014,3571716
628,2010,3554510
628,2020,1195291
628,2018,3973246
628,2012,3309893
628,2008,3199398
628,2015,3285854
628,2009,3310333
628,2019,3868659
628,2016,0
628,2021,1286347
628,2011,3497701
629,2012,6698842
629,2009,6481688
629,2019,6628043
629,2016,7060983
629,2020,1503898
629,2018,6140949
629,2015,6293475
629,2010,6524718
629,2014,6551701
629,2011,6677557
629,2007,5720495
629,2013,6794600
629,2017,5903385
629,2021,2668131
629,2008,5972880
630,2021,1075229
630,2007,1994914
630,2008,2147222
630,2014,2389740
630,2019,2320784
630,2016,2627529
630,2012,1910797
630,2013,2192582
630,2017,2344798
630,2009,1978312
630,2020,1121245
630,2018,2439071
630,2010,2000092
630,2015,2572535
630,2011,1702701
631,2011,38779688
631,2021,16345381
631,2015,43745951
631,2009,35555594
631,2008,33868259
631,2017,34580105
631,2013,38596700
631,2020,3950320
631,2012,38512080
631,2019,34563636
631,2014,43314547
631,2010,36938061
631,2018,33424173
631,2016,37843681
631,2007,38687223
632,2008,12646743
632,2013,13531459
632,2009,12345039
632,2018,11393769
632,2015,14406501
632,2010,12563244
632,2020,7325632
632,2021,5293420
632,2011,13289406
632,2019,11262368
632,2012,12856223
632,2007,12322930
632,2014,14067249
632,2016,14331098
632,2017,12751863
633,2012,10102833
633,2016,11300919
633,2021,4259419
633,2007,9444787
633,2017,10431470
633,2014,11054539
633,2008,9855499
633,2011,10452827
633,2010,9794737
633,2018,9744447
633,2015,11244737
633,2013,10379073
633,2020,5650715
633,2009,9699503
633,2019,9822700
634,2019,67202755
634,2012,64234700
634,2017,64501949
634,2020,16267905
634,2015,73257321
634,2008,64161950
634,2009,60907538
634,2014,73661457
634,2013,67893591
634,2016,71614231
634,2021,26596893
634,2018,66141465
634,2007,61317307
634,2010,62721399
634,2011,63645304
635,2010,60787026
635,2011,65444278
635,2018,70676629
635,2012,67155180
635,2019,74343494
635,2013,69884482
635,2007,56954458
635,2021,30857082
635,2009,61494909
635,2008,60551773
635,2015,71964428
635,2014,74976665
635,2017,65684647
635,2016,70735683
635,2020,24721911
636,2008,2663002
636,2011,2999623
636,2021,1606879
636,2010,2764862
636,2013,3166344
636,2007,2466212
636,2015,3272688
636,2014,3255416
636,2009,2672388
636,2016,3448907
636,2012,3016770
636,2017,3412794
636,2019,3473615
636,2018,3301688
636,2020,1747510
637,2018,3150058
637,2020,1538572
637,2019,3302961
637,2017,3118278
637,2016,3409091
637,2008,3212250
637,2012,3150688
637,2009,3161346
637,2015,3382758
637,2013,3347805
637,2010,3068287
637,2021,1433954
637,2014,3448597
637,2011,2993997
637,2007,3051129
638,2013,9259062
638,2017,8214650
638,2009,8830283
638,2014,9392025
638,2008,8650838
638,2015,9275642
638,2010,8833270
638,2021,3593706
638,2019,8554567
638,2018,7827043
638,2016,9122653
638,2012,9234179
638,2020,3599717
638,2011,9214029
638,2007,9296363
639,2016,6136459
639,2012,5645557
639,2021,2088948
639,2010,7199238
639,2008,5320220
639,2014,6195631
639,2015,5561213
639,2009,7034245
639,2017,6140305
639,2020,1067130
639,2018,7106682
639,2013,5769586
639,2011,7416215
639,2007,5109887
639,2019,6789496
640,2012,15685686
640,2013,16361602
640,2015,15442682
640,2019,12159194
640,2011,16873081
640,2008,16299987
640,2014,16106113
640,2016,14108617
640,2017,13254257
640,2010,17794335
640,2018,12451407
640,2007,14966834
640,2021,5242933
640,2020,3657164
640,2009,16619129
641,2020,2630669
641,2014,13295479
641,2013,13398300
641,2009,11730105
641,2019,12881989
641,2011,11401050
641,2021,4597698
641,2015,12525312
641,2017,12988295
641,2010,11394980
641,2012,12111551
641,2016,12948293
641,2008,11381962
641,2007,10800625
641,2018,13075755
642,2018,14686759
642,2008,13302852
642,2019,14971042
642,2010,13230676
642,2013,14370438
642,2012,14057083
642,2009,13522044
642,2017,14928464
642,2014,15596293
642,2016,15746922
642,2011,14014809
642,2021,6644477
642,2015,16310716
642,2020,6787729
642,2007,12084543
643,2018,1350943
643,2016,1340993
643,2017,1318680
643,2012,1104434
643,2013,1165330
643,2021,764644
643,2015,1318158
643,2011,1090284
643,2014,1286493
643,2010,1047214
643,2020,813926
643,2009,1042902
643,2019,1407857
643,2007,958106
643,2008,1002002
645,2014,25895151
645,2013,21381249
645,2011,21227293
645,2021,8789962
645,2015,26062630
645,2012,20594422
645,2017,25828308
645,2020,5839734
645,2010,21038801
645,2018,24646666
645,2016,27565959
645,2019,25050824
645,2007,21017118
645,2009,21182382
645,2008,22222955
646,2008,756467
646,2015,886390
646,2021,463133
646,2011,824464
646,2017,897017
646,2020,593315
646,2018,913450
646,2016,914852
646,2012,814953
646,2014,886420
646,2019,932748
646,2007,734858
646,2013,824391
646,2010,781118
646,2009,771167
647,2008,6650982
647,2018,9689216
647,2017,9872702
647,2009,6981638
647,2011,7195083
647,2015,9275569
647,2021,4421002
647,2014,8617393
647,2020,5488034
647,2016,10056185
647,2012,7276884
647,2013,7696341
647,2010,6756228
647,2007,6281507
647,2019,9815261
648,2007,4047460
648,2018,4300182
648,2011,4302147
648,2010,4670839
648,2009,4479064
648,2021,1425296
648,2016,5039573
648,2014,4756065
648,2008,4289579
648,2015,4531089
648,2012,4550432
648,2020,1331040
648,2013,4651775
648,2019,4001482
648,2017,4779258
649,2014,3413900
649,2015,3672470
649,2008,2991282
649,2021,1564012
649,2011,2701449
649,2010,2658500
649,2009,2853674
649,2019,3450466
649,2020,2478884
649,2013,3107451
649,2017,3646639
649,2012,2914263
649,2016,3749439
649,2007,3331902
649,2018,3400938
650,2008,3592500
650,2011,3918391
650,2018,4729847
650,2017,5249584
650,2020,3168498
650,2012,3929000
650,2019,5079924
650,2013,4395879
650,2016,5429546
650,2021,2218404
650,2007,3382497
650,2010,3845309
650,2009,3929789
650,2014,4619010
650,2015,4327727
651,2018,-1
651,2017,-1
651,2019,-1
651,2012,-1
651,2016,-1
651,2015,-1
651,2021,-1
651,2011,-1
651,2009,-1
651,2014,-1
651,2010,-1
651,2013,-1
651,2008,-1
651,2007,2272307
651,2020,-1
652,2015,-1
652,2010,-1
652,2018,-1
652,2021,-1
652,2011,-1
652,2016,-1
652,2009,-1
652,2014,-1
652,2007,3563251
652,2012,-1
652,2019,-1
652,2017,-1
652,2008,-1
652,2013,-1
652,2020,-1
653,2021,3148552
653,2015,6106253
653,2011,4641664
653,2016,6530887
653,2010,4811151
653,2007,4991655
653,2020,3717589
653,2018,5909108
653,2013,5465012
653,2019,6241955
653,2012,5199834
653,2008,5102093
653,2017,6459225
653,2014,5678995
653,2009,4716127
654,2011,936906
654,2010,877995
654,2018,798689
654,2009,936369
654,2014,894137
654,2016,905402
654,2021,357588
654,2015,892594
654,2019,880333
654,2017,786073
654,2008,916956
654,2013,860944
654,2012,898266
654,2020,507381
654,2007,869730
655,2007,4058755
655,2020,1899266
655,2012,3976939
655,2019,3975886
655,2008,4056418
655,2017,3785696
655,2013,4102498
655,2021,1630938
655,2014,4210924
655,2018,3664816
655,2010,3826102
655,2009,3924262
655,2015,4080122
655,2016,3913283
655,2011,3789290
656,2012,1540858
656,2011,1423481
656,2021,769257
656,2015,1937838
656,2016,1968198
656,2018,1835839
656,2009,1449100
656,2014,1816014
656,2010,1412851
656,2013,1685908
656,2019,1930536
656,2017,1833325
656,2008,1480192
656,2020,954512
656,2007,1432114
657,2007,3413498
657,2012,4417710
657,2013,4611479
657,2019,4976954
657,2021,2467440
657,2017,4921293
657,2008,3515942
657,2015,5026000
657,2016,5157171
657,2011,4279014
657,2009,3736606
657,2020,3383878
657,2010,4054942
657,2014,4992642
657,2018,4784063
659,2010,1396982
659,2020,1550566
659,2018,2149594
659,2009,1467339
659,2011,1572627
659,2014,1660434
659,2016,1791287
659,2015,1836732
659,2017,2279055
659,2019,2121901
659,2013,1647314
659,2021,1093549
659,2008,1399678
659,2012,1643799
659,2007,1370773
660,2007,3540049
660,2014,4440388
660,2012,3790022
660,2008,3736299
660,2021,1836276
660,2017,4311177
660,2013,3946956
660,2019,4357031
660,2011,3577980
660,2015,4588128
660,2009,3616612
660,2016,4651799
660,2018,4142560
660,2010,3478437
660,2020,2426206
661,2008,1935448
661,2014,2462889
661,2012,2182311
661,2021,1274615
661,2013,2280491
661,2011,1971642
661,2017,2897563
661,2009,1933813
661,2016,2488831
661,2020,1515209
661,2010,1900165
661,2015,2475743
661,2018,2630662
661,2019,2743087
661,2007,1942899
662,2010,1252358
662,2018,1856472
662,2009,1315818
662,2016,1910904
662,2011,1294249
662,2015,1720439
662,2019,1903375
662,2014,1629043
662,2007,1282445
662,2008,1378044
662,2020,1165488
662,2012,1409847
662,2017,1918400
662,2021,831677
662,2013,1483623
663,2018,13812400
663,2016,17184657
663,2009,17364829
663,2010,17876742
663,2013,17394388
663,2015,16683962
663,2011,17355461
663,2007,16894545
663,2020,5682051
663,2008,16853354
663,2014,17400155
663,2012,17277512
663,2021,6404193
663,2017,15456337
663,2019,15070782
664,2007,2612314
664,2013,2785115
664,2017,2736346
664,2019,2780380
664,2008,2840198
664,2014,2935164
664,2012,2413451
664,2020,1310286
664,2010,2898027
664,2018,2648492
664,2021,1290796
664,2016,2875067
664,2015,2842657
664,2009,2914899
664,2011,2740918
665,2014,23276520
665,2018,25533008
665,2010,20051825
665,2008,19243903
665,2021,9635310
665,2011,21039484
665,2016,25966550
665,2015,25143510
665,2009,19607520
665,2013,21855888
665,2019,27107822
665,2012,21880078
665,2020,6683590
665,2007,17927250
665,2017,25083479
667,2021,911252
667,2013,2317893
667,2015,2350196
667,2014,2458246
667,2018,2043230
667,2011,2145820
667,2020,963611
667,2010,2031966
667,2016,2315575
667,2009,2063962
667,2007,2056059
667,2012,2189757
667,2019,2179739
667,2008,2058633
667,2017,2079080
668,2020,3313152
668,2009,5791736
668,2018,7027340
668,2017,6983973
668,2011,5846190
668,2007,5922092
668,2019,7170152
668,2012,6109161
668,2008,5921214
668,2016,6447853
668,2013,5911952
668,2021,3129276
668,2014,6397929
668,2015,6968322
668,2010,5634420
669,2019,78073457
669,2011,77092776
669,2007,72046333
669,2017,79778619
669,2012,80551504
669,2008,72914886
669,2015,92355623
669,2018,73639833
669,2021,32863152
669,2016,83258977
669,2020,14598777
669,2013,85246928
669,2009,72719762
669,2010,70122354
669,2014,98511630
670,2014,49283385
670,2018,47011593
670,2010,43995091
670,2009,42024813
670,2020,11420070
670,2021,20437217
670,2015,49637302
670,2012,46325618
670,2008,40703979
670,2017,46331280
670,2019,48612110
670,2011,46478735
670,2016,49480436
670,2013,49710749
670,2007,37237088
671,2013,1643912
671,2019,2047993
671,2008,1592807
671,2007,1590678
671,2012,1575786
671,2017,1923720
671,2015,2019382
671,2021,918333
671,2016,2015314
671,2018,1896819
671,2020,1245850
671,2009,1625925
671,2010,1684245
671,2011,1583000
671,2014,1976904
672,2018,6357956
672,2009,5449662
672,2020,3026008
672,2014,6799064
672,2021,2993897
672,2016,6746851
672,2010,5690881
672,2012,6187009
672,2019,6558793
672,2008,5126408
672,2007,5075378
672,2013,6452463
672,2017,6442093
672,2015,6822161
672,2011,5944855
673,2011,2080788
673,2013,2243955
673,2017,2389751
673,2012,2164790
673,2008,2090825
673,2007,1968909
673,2019,2444064
673,2015,2405584
673,2021,1080893
673,2016,2460144
673,2014,2337555
673,2018,2425638
673,2010,2038525
673,2009,2030902
673,2020,1503990
674,2020,4175738
674,2007,38087335
674,2012,42357331
674,2014,42932327
674,2015,42796831
674,2009,38567356
674,2010,39675335
674,2008,38853181
674,2016,41291525
674,2021,14144793
674,2011,40583552
674,2019,38396960
674,2013,41703911
674,2018,36004485
674,2017,38573777
675,2020,1360437
675,2021,1280875
675,2011,2303547
675,2008,2309129
675,2016,3198703
675,2009,2258335
675,2010,2198745
675,2015,3084213
675,2012,2470413
675,2018,3366921
675,2013,2606534
675,2019,2960479
675,2017,3266903
675,2014,2837149
675,2007,2253132
676,2011,6342063
676,2008,6307995
676,2015,7063495
676,2009,6164459
676,2013,6246718
676,2019,5567660
676,2017,5816650
676,2012,6288553
676,2018,5815124
676,2016,5490616
676,2010,6137394
676,2020,3769831
676,2007,5880743
676,2021,2671882
676,2014,6786121
677,2016,3308379
677,2010,2859090
677,2013,3154183
677,2017,3447448
677,2018,3200118
677,2019,3230285
677,2020,2030454
677,2007,3032114
677,2009,2949387
677,2008,3099533
677,2014,3474593
677,2021,1388173
677,2011,2960512
677,2012,2972873
677,2015,3427709
678,2021,2686314
678,2016,5416663
678,2008,5506224
678,2019,5766944
678,2007,5624131
678,2015,5756910
678,2013,5923504
678,2011,5331762
678,2012,5598383
678,2010,5431014
678,2009,5647761
678,2017,5113846
678,2020,2626929
678,2018,5278188
678,2014,5932349
679,2012,3372174
679,2008,3206121
679,2013,3853332
679,2017,4416312
679,2011,3175666
679,2018,4173051
679,2016,4675024
679,2015,4525278
679,2009,3193258
679,2021,1835750
679,2019,4114533
679,2010,2981736
679,2014,4195103
679,2020,2855288
679,2007,3192282
680,2016,5636721
680,2020,3619466
680,2015,5771615
680,2017,7574141
680,2012,5409388
680,2011,5529385
680,2021,3484136
680,2018,7266328
680,2010,5206741
680,2019,7579844
680,2014,5844120
680,2009,5285885
680,2013,5578067
680,2008,5662713
680,2007,5044550
681,2007,8044511
681,2014,7588751
681,2010,9330912
681,2013,8575808
681,2008,8477115
681,2019,8254515
681,2016,8707156
681,2020,2119882
681,2012,8555667
681,2011,8859128
681,2018,7661884
681,2021,3619504
681,2015,7656619
681,2017,8031860
681,2009,8479415
682,2019,3228328
682,2014,2907957
682,2007,2590358
682,2011,2647871
682,2009,2502619
682,2010,2520547
682,2012,2754691
682,2018,3087532
682,2017,3055656
682,2015,3189008
682,2020,1921494
682,2016,3178278
682,2021,1533828
682,2013,2767420
682,2008,2622796
683,2007,3813218
683,2017,4112035
683,2013,4081729
683,2009,3914047
683,2015,4512905
683,2008,3849473
683,2011,3979751
683,2014,4371243
683,2016,4460978
683,2010,3867839
683,2019,4159999
683,2018,3912652
683,2012,3951952
683,2020,2336745
683,2021,1778250
684,2008,2358917
684,2021,1259738
684,2013,2672035
684,2020,1564820
684,2017,2789938
684,2015,2934539
684,2019,2804018
684,2016,3054243
684,2009,2555355
684,2011,2633085
684,2014,2908558
684,2012,2566293
684,2007,2270350
684,2010,2605947
684,2018,2715368
685,2016,3346006
685,2007,2874342
685,2019,3867435
685,2014,3711179
685,2015,3541481
685,2012,3779666
685,2008,3343794
685,2020,1628977
685,2009,3272235
685,2017,3438858
685,2013,3794744
685,2011,3777683
685,2021,1265551
685,2010,3711215
685,2018,3460614
686,2020,4436964
686,2008,7299694
686,2014,8448615
686,2009,7600506
686,2021,4631525
686,2018,11573723
686,2019,11535430
686,2012,7557331
686,2010,7154951
686,2016,8112159
686,2013,7953442
686,2007,7308893
686,2011,7473874
686,2015,8661325
686,2017,11875227
687,2009,1903653
687,2007,1869106
687,2012,2166361
687,2021,1098469
687,2015,2442771
687,2013,2243984
687,2016,2455761
687,2020,1385890
687,2017,2587429
687,2011,2029002
687,2018,2256420
687,2014,2419354
687,2008,1903296
687,2019,2387979
687,2010,1906873
688,2009,208714
688,2007,201380
688,2008,206752
688,2016,367335
688,2015,260651
688,2014,255057
688,2018,459286
688,2011,220319
688,2020,190163
688,2017,352989
688,2010,212842
688,2012,224256
688,2021,155226
688,2019,449612
688,2013,235697
689,2016,-1
689,2017,-1
689,2013,-1
689,2020,-1
689,2015,-1
689,2010,-1
689,2019,-1
689,2012,-1
689,2021,-1
689,2007,1293908
689,2009,-1
689,2008,-1
689,2014,-1
689,2011,-1
689,2018,-1
690,2021,1185481
690,2019,2608698
690,2010,1852023
690,2012,2220528
690,2007,1545189
690,2009,1765194
690,2015,2491199
690,2011,2045798
690,2018,2587512
690,2014,2703935
690,2008,1826926
690,2013,2431149
690,2017,2486491
690,2016,2545583
690,2020,1251188
691,2020,948688
691,2016,1948970
691,2017,1890042
691,2008,1591374
691,2013,1713378
691,2018,1929049
691,2015,1903105
691,2014,1895875
691,2011,1573058
691,2021,821706
691,2019,1932543
691,2010,1532460
691,2012,1619948
691,2007,1571122
691,2009,1582373
692,2020,549192
692,2017,1106458
692,2008,875326
692,2018,1039276
692,2015,1112623
692,2013,1003184
692,2011,1002292
692,2021,476607
692,2019,1106583
692,2014,1084140
692,2010,977597
692,2012,989402
692,2009,958083
692,2007,770555
692,2016,1072221
693,2015,2005867
693,2021,839242
693,2011,1599750
693,2010,1568684
693,2013,1774400
693,2017,1943537
693,2008,1551889
693,2007,1477487
693,2016,1993852
693,2012,1691520
693,2014,1975295
693,2019,1893831
693,2009,1560302
693,2018,1872804
693,2020,988143
694,2018,11896108
694,2011,14728330
694,2013,12951499
694,2017,10853914
694,2019,12274252
694,2014,13076625
694,2009,14045262
694,2016,12345236
694,2012,13436431
694,2021,3655414
694,2010,14182721
694,2020,2744465
694,2015,13328942
694,2007,13592202
694,2008,13593560
695,2010,13300266
695,2018,14169247
695,2016,14934536
695,2014,15730145
695,2009,13424654
695,2021,3901970
695,2011,13496515
695,2008,13189508
695,2013,14726104
695,2012,14261759
695,2015,15698186
695,2007,13084320
695,2017,13664987
695,2020,2919119
695,2019,14479978
696,2018,7480779
696,2021,3464027
696,2020,4113555
696,2011,6741698
696,2010,6371793
696,2019,7610612
696,2008,6660483
696,2012,7067985
696,2013,7269493
696,2015,7879484
696,2017,7399877
696,2016,7791962
696,2014,7617570
696,2007,6650563
696,2009,6523142
697,2013,16439098
697,2009,14154562
697,2012,15048402
697,2014,17538974
697,2007,13230664
697,2011,17084479
697,2018,12081030
697,2019,15815893
697,2020,3861774
697,2015,17371372
697,2017,16417294
697,2021,5359932
697,2010,16155148
697,2008,12945684
697,2016,18422362
698,2012,13251478
698,2008,13337507
698,2021,12496696
698,2018,26985722
698,2013,14464440
698,2016,18605749
698,2009,12384660
698,2014,15968957
698,2020,14879945
698,2010,12431276
698,2015,17522713
698,2017,27713217
698,2019,26467010
698,2007,13530879
698,2011,12527651
699,2017,-1
699,2013,-1
699,2008,-1
699,2009,-1
699,2014,-1
699,2016,-1
699,2015,-1
699,2021,-1
699,2011,-1
699,2018,-1
699,2012,-1
699,2020,-1
699,2007,1787127
699,2010,-1
699,2019,-1
700,2019,20081602
700,2007,12136319
700,2013,22872181
700,2018,19408053
700,2008,20725029
700,2015,22257246
700,2011,21594508
700,2017,21410922
700,2021,7584135
700,2012,21896486
700,2020,6283854
700,2010,21707878
700,2014,22869844
700,2009,18962171
700,2016,22848359
701,2013,-1
701,2014,-1
701,2009,-1
701,2008,-1
701,2018,-1
701,2007,0
701,2020,-1
701,2017,-1
701,2019,-1
701,2011,-1
701,2015,-1
701,2021,-1
701,2016,-1
701,2012,-1
701,2010,-1
702,2019,16585916
702,2007,13909926
702,2013,16560260
702,2008,14792555
702,2015,17197513
702,2017,16372926
702,2012,16510040
702,2018,15929561
702,2021,7380128
702,2011,14940194
702,2010,14742700
702,2020,6276139
702,2014,16761977
702,2009,14417460
702,2016,17147936
703,2014,2781855
703,2015,2674477
703,2012,2540095
703,2019,2378289
703,2008,2224189
703,2011,2597942
703,2013,2588391
703,2017,2787010
703,2018,2298797
703,2007,2159779
703,2009,2432618
703,2016,2694225
703,2010,2424610
703,2021,1083968
703,2020,1185716
704,2008,3356787
704,2018,3357981
704,2011,3324302
704,2017,3477368
704,2013,3476673
704,2016,3617189
704,2009,3341679
704,2021,1495186
704,2010,3307943
704,2020,1630782
704,2007,3446051
704,2015,3699819
704,2012,3313275
704,2019,3518542
704,2014,3700360
705,2013,5789944
705,2019,5860615
705,2021,2695552
705,2020,2902818
705,2010,5213264
705,2007,5741359
705,2018,5747476
705,2008,5630768
705,2017,5732747
705,2011,5256987
705,2012,5576358
705,2015,6173897
705,2016,6275587
705,2014,6134110
705,2009,5511411
706,2020,2705625
706,2007,4805448
706,2021,2312226
706,2017,5304983
706,2013,5386357
706,2014,5633661
706,2012,4875798
706,2011,4912117
706,2018,5170481
706,2019,5429160
706,2016,5647834
706,2015,5555527
706,2008,5052796
706,2009,4959760
706,2010,4905097
707,2019,2167602
707,2014,2503648
707,2012,2262264
707,2015,2583973
707,2010,2396030
707,2009,2272054
707,2018,2081548
707,2017,2107487
707,2013,2287706
707,2021,1013772
707,2020,1581956
707,2007,2176973
707,2008,2188549
707,2011,2279634
707,2016,2484237
708,2021,10824383
708,2009,28242853
708,2010,29776473
708,2007,28250681
708,2020,9805549
708,2018,32056414
708,2013,32751295
708,2014,36461844
708,2016,33603151
708,2019,33071847
708,2015,33869744
708,2011,30608404
708,2017,31994140
708,2012,32495510
708,2008,28482536
709,2014,1102908
709,2020,1254611
709,2010,918728
709,2007,805794
709,2021,911326
709,2009,853173
709,2013,1022501
709,2017,1731221
709,2011,957880
709,2018,1942355
709,2012,970928
709,2015,957195
709,2016,1170483
709,2008,821139
709,2019,1976241
710,2012,1705535
710,2017,1926405
710,2015,1718085
710,2011,1756903
710,2013,1766082
710,2019,1952608
710,2008,1611823
710,2007,1521532
710,2010,1679673
710,2009,1607383
710,2018,1895804
710,2016,1758094
710,2014,1760835
710,2020,992838
710,2021,888276
711,2014,4280132
711,2008,3679883
711,2015,4570440
711,2019,4654244
711,2020,1992804
711,2017,4627559
711,2018,4626925
711,2011,3750495
711,2012,3704405
711,2013,3788099
711,2007,3719906
711,2021,1937293
711,2009,3800395
711,2010,3596638
711,2016,4759428
712,2012,4329645
712,2008,3836957
712,2014,5031350
712,2019,5271035
712,2015,5148679
712,2020,2308574
712,2017,5022133
712,2013,4590459
712,2021,2380524
712,2009,4093424
712,2007,3710727
712,2016,5247294
712,2010,3979196
712,2018,4876210
712,2011,4394000
713,2014,2672587
713,2008,2641311
713,2017,2557655
713,2020,1317072
713,2011,2522560
713,2012,2628332
713,2018,2621529
713,2013,2664997
713,2015,2695977
713,2019,2749841
713,2016,2700007
713,2021,1223866
713,2007,2779517
713,2009,2433403
713,2010,2495712
714,2014,3891298
714,2008,2779443
714,2015,3973686
714,2019,3853243
714,2007,2827923
714,2020,2021467
714,2013,3542897
714,2017,3717315
714,2012,3364355
714,2018,3762665
714,2011,3021276
714,2016,4040589
714,2021,1729034
714,2009,2781462
714,2010,2680914
715,2011,4377706
715,2018,6081225
715,2014,5427571
715,2008,4400095
715,2015,5846372
715,2019,5988691
715,2012,4678837
715,2017,6023114
715,2013,5002409
715,2020,2463108
715,2010,4128661
715,2007,4033106
715,2016,6411775
715,2021,2707641
715,2009,4137890
716,2007,7995154
716,2014,10520406
716,2016,11423478
716,2010,8044986
716,2008,8361504
716,2011,8331776
716,2018,10565894
716,2013,9424813
716,2017,11089126
716,2015,11082161
716,2019,11075026
716,2020,5370518
716,2021,4614856
716,2009,7866633
716,2012,8871894
717,2015,2674890
717,2013,2544366
717,2017,3167614
717,2018,3146167
717,2011,2590700
717,2010,2365091
717,2007,2083728
717,2009,2395880
717,2019,3179390
717,2021,1677652
717,2012,2482229
717,2020,2451145
717,2008,2127817
717,2014,2610664
717,2016,2530036
718,2017,18476801
718,2015,20690327
718,2012,18524648
718,2021,7154835
718,2010,21394728
718,2009,22841977
718,2019,19477585
718,2011,19513237
718,2020,3400411
718,2013,18634461
718,2018,18895518
718,2016,8126588
718,2008,23392922
718,2007,22296949
718,2014,21301822
719,2012,50962909
719,2009,26989730
719,2019,118564624
719,2016,67047270
719,2007,25627136
719,2011,48571300
719,2015,61442630
719,2013,54503326
719,2017,111539219
719,2010,29819454
719,2008,27231042
719,2021,63439192
719,2014,59308320
719,2020,53788483
719,2018,112577515
720,2013,2007949
720,2017,1790959
720,2012,2032858
720,2016,1976543
720,2007,2211931
720,2009,2008126
720,2015,2217946
720,2020,1451606
720,2021,889529
720,2019,1910960
720,2018,1776550
720,2014,2211298
720,2008,2112878
720,2010,1959018
720,2011,2006325
721,2009,2160860
721,2019,1825805
721,2020,1278124
721,2017,1718575
721,2015,2179203
721,2012,2009717
721,2010,2116902
721,2016,1996547
721,2008,2243667
721,2011,2055910
721,2014,2103309
721,2021,835671
721,2013,1979322
721,2018,1654830
721,2007,2294070
722,2014,-1
722,2019,-1
722,2007,2455871
722,2009,-1
722,2021,-1
722,2020,-1
722,2010,-1
722,2015,-1
722,2008,-1
722,2013,-1
722,2018,-1
722,2011,-1
722,2016,-1
722,2017,-1
722,2012,-1
723,2011,6906412
723,2017,7369274
723,2015,7710830
723,2009,6649182
723,2007,7243521
723,2014,7282024
723,2020,2891037
723,2013,7834077
723,2021,3001198
723,2018,7034394
723,2019,7130168
723,2008,7061453
723,2012,7526301
723,2010,6203295
723,2016,7578603
724,2016,8223970
724,2012,7823576
724,2014,8135916
724,2015,8595799
724,2011,9991846
724,2008,6774893
724,2010,9398053
724,2017,8561001
724,2013,7922122
724,2020,1323354
724,2018,8957017
724,2007,7349176
724,2009,9641579
724,2019,8743279
724,2021,3070900
725,2016,850065
725,2020,493721
725,2019,896336
725,2007,641192
725,2009,673868
725,2012,746456
725,2021,423967
725,2010,661956
725,2008,652426
725,2017,905705
725,2014,849834
725,2011,739823
725,2015,854702
725,2018,889000
725,2013,823919
726,2009,6427816
726,2007,7092733
726,2019,7670661
726,2020,3509976
726,2018,7570365
726,2021,3610529
726,2011,6560405
726,2017,7658810
726,2013,6901892
726,2015,7933544
726,2016,7922887
726,2012,6859327
726,2008,6993579
726,2010,6299985
726,2014,7557957
727,2010,12868034
727,2012,13228547
727,2008,12996852
727,2015,15737978
727,2017,15371262
727,2014,15114746
727,2016,15922071
727,2013,13505007
727,2019,15427848
727,2018,15218284
727,2021,6892544
727,2009,12975326
727,2007,13185596
727,2011,13039799
727,2020,8102118
728,2017,39193558
728,2012,36013489
728,2008,36573797
728,2007,37288905
728,2014,36762272
728,2016,39346254
728,2019,41988765
728,2013,38063296
728,2020,6045302
728,2011,23990548
728,2010,34548887
728,2015,16249800
728,2021,16036231
728,2018,38649304
728,2009,34869429
729,2010,8313976
729,2012,9799795
729,2014,11911123
729,2017,11889159
729,2021,7115066
729,2008,8347791
729,2009,7752717
729,2015,11954313
729,2013,10320809
729,2016,13213806
729,2011,8858713
729,2019,14026843
729,2020,7264852
729,2018,12965971
729,2007,7700322
730,2013,1950730
730,2019,2523102
730,2016,2232086
730,2017,2416108
730,2008,1806376
730,2014,2241508
730,2015,2334480
730,2012,1918954
730,2020,1030907
730,2011,1977578
730,2021,1064853
730,2018,2418680
730,2007,1649780
730,2009,1777409
730,2010,1856610
731,2007,19440284
731,2010,21793837
731,2012,22537607
731,2009,21613184
731,2021,7328488
731,2018,21524392
731,2020,4116750
731,2015,22176713
731,2013,23414868
731,2011,21580404
731,2008,20305884
731,2017,19897981
731,2019,20586761
731,2016,21834402
731,2014,26323869
733,2018,3980735
733,2015,0
733,2011,3545044
733,2017,3895273
733,2013,3939656
733,2008,3345611
733,2014,3939313
733,2019,4051401
733,2010,3750115
733,2020,1360667
733,2016,3707186
733,2012,3676520
733,2007,3243254
733,2021,1540273
733,2009,3695568
734,2018,5816381
734,2013,6195486
734,2010,5895915
734,2008,5990843
734,2019,5839620
734,2014,6459118
734,2017,5845936
734,2020,2563212
734,2016,5650263
734,2009,5854068
734,2021,2661114
734,2011,5834401
734,2007,5900459
734,2012,6029833
734,2015,6445923
735,2012,9597394
735,2021,4494164
735,2007,9764801
735,2013,10291376
735,2018,9948987
735,2009,9619114
735,2011,9800632
735,2017,10162189
735,2020,5636483
735,2015,10790301
735,2016,10857089
735,2014,10768249
735,2008,9874142
735,2019,10603832
735,2010,9389335
736,2019,5360503
736,2017,5871402
736,2015,5140645
736,2021,2532822
736,2020,2673341
736,2013,4959760
736,2011,4556074
736,2009,4426556
736,2008,4393141
736,2010,4433265
736,2012,4731061
736,2007,4568782
736,2014,5156093
736,2016,5339344
736,2018,4878509
737,2009,865150
737,2008,934057
737,2020,786733
737,2014,1142293
737,2016,1159376
737,2007,781195
737,2012,1098183
737,2018,1153892
737,2010,888847
737,2017,1096940
737,2015,1146772
737,2011,988524
737,2013,1103760
737,2021,507765
737,2019,1107953
738,2015,2684747
738,2021,1241844
738,2008,1836609
738,2020,1867666
738,2019,2546936
738,2013,2296702
738,2017,2567807
738,2009,1874111
738,2011,2108190
738,2014,2529793
738,2010,1890002
738,2018,2595098
738,2016,2719998
738,2012,2126671
738,2007,1860916
739,2014,11414450
739,2012,10303814
739,2010,10553113
739,2015,11413623
739,2013,10480206
739,2021,4784244
739,2020,6677841
739,2011,11014585
739,2016,10141620
739,2008,9591732
739,2009,10359133
739,2017,9097854
739,2019,9708180
739,2007,8839416
739,2018,9693275
740,2013,7587430
740,2009,6753063
740,2021,3486758
740,2019,7992197
740,2016,8452417
740,2011,6910995
740,2020,4034024
740,2010,6707349
740,2014,8074586
740,2018,7914648
740,2008,6932257
740,2012,7176636
740,2017,7980024
740,2007,6485149
740,2015,8341531
741,2021,33480926
741,2010,79925297
741,2017,75163165
741,2016,83501204
741,2014,86730599
741,2011,82245550
741,2020,22954962
741,2015,82885560
741,2009,77443767
741,2013,84582132
741,2019,85468928
741,2008,78405628
741,2018,82964036
741,2007,76406467
741,2012,82955798
742,2014,18052543
742,2013,16681073
742,2012,15089008
742,2019,24588106
742,2007,13742855
742,2015,18333582
742,2008,14161980
742,2017,14881964
742,2010,13752261
742,2018,22877329
742,2016,22766326
742,2011,14316624
742,2009,13436697
742,2020,12760524
742,2021,10608796
743,2015,2903560
743,2011,2571087
743,2019,2771619
743,2009,2200028
743,2018,2703432
743,2016,2960642
743,2014,3089871
743,2017,2804581
743,2012,2560452
743,2008,2263703
743,2007,2211747
743,2010,2375480
743,2013,2732853
743,2021,1181072
743,2020,1137200
744,2008,-1
744,2017,-1
744,2016,-1
744,2011,-1
744,2015,-1
744,2021,-1
744,2013,-1
744,2009,-1
744,2010,-1
744,2019,-1
744,2018,-1
744,2020,-1
744,2014,-1
744,2012,-1
744,2007,1560851
745,2010,13601582
745,2014,19405419
745,2017,19218263
745,2016,20346625
745,2020,7744299
745,2021,7038704
745,2008,14384031
745,2013,17596565
745,2018,19376983
745,2019,18245765
745,2012,16513849
745,2007,14173778
745,2015,19917362
745,2011,15691440
745,2009,14042137
746,2013,4622339
746,2011,4304437
746,2017,4047265
746,2008,4256549
746,2012,4309332
746,2021,1673860
746,2009,4230504
746,2007,4223478
746,2019,3999622
746,2015,4501822
746,2016,4506260
746,2010,4309735
746,2018,3912072
746,2020,1682785
746,2014,4508957
747,2020,16621546
747,2010,81574061
747,2017,86887788
747,2015,95138374
747,2021,29868623
747,2014,91491846
747,2008,77202884
747,2011,84122881
747,2018,77373119
747,2013,89398131
747,2016,100362256
747,2019,82934325
747,2007,74844290
747,2009,75939796
747,2012,88158546
748,2009,1503697
748,2017,1771435
748,2007,1642268
748,2018,1705035
748,2008,1624730
748,2020,1403495
748,2016,1836559
748,2014,1756514
748,2019,1924615
748,2015,1845823
748,2012,1602068
748,2021,955674
748,2013,1655119
748,2010,1480796
748,2011,1572122
749,2009,-1
749,2007,-1
749,2019,1183158
749,2021,888438
749,2020,917986
749,2014,-1
749,2008,-1
749,2013,-1
749,2010,-1
749,2016,-1
749,2012,-1
749,2018,1178037
749,2011,-1
749,2015,-1
749,2017,1143355
750,2013,-1
750,2015,-1
750,2011,-1
750,2008,-1
750,2014,-1
750,2018,1216448
750,2019,1219247
750,2012,-1
750,2010,-1
750,2009,-1
750,2007,-1
750,2021,796342
750,2017,1190535
750,2016,-1
750,2020,860312
751,2007,3198306
751,2010,4369690
751,2020,4667735
751,2019,7486761
751,2016,5769748
751,2014,5524620
751,2011,4562798
751,2008,3503931
751,2018,7312400
751,2013,4592227
751,2015,5789849
751,2017,7372001
751,2009,4227669
751,2021,3697026
751,2012,5175356
752,2019,15423884
752,2015,14542576
752,2010,9016104
752,2014,14108508
752,2016,15103629
752,2018,15473222
752,2020,8289529
752,2013,11735107
752,2008,10746151
752,2011,9661884
752,2021,7894562
752,2017,15712048
752,2007,11907214
752,2012,10601914
752,2009,9317709
753,2014,1665631
753,2011,1617609
753,2021,709948
753,2020,835889
753,2008,1654921
753,2018,1596024
753,2013,1692583
753,2007,1561062
753,2019,1710258
753,2015,1736847
753,2009,1585885
753,2012,1579949
753,2017,1629156
753,2016,1820883
753,2010,1575369
754,2007,2872842
754,2010,2734150
754,2011,3033426
754,2021,1823204
754,2013,3734232
754,2008,3108357
754,2016,3978228
754,2014,3727735
754,2020,2253686
754,2018,4018763
754,2017,3928366
754,2015,3794960
754,2009,2898876
754,2012,3366135
754,2019,4132837
755,2019,9123106
755,2017,9406333
755,2015,5168452
755,2009,3715284
755,2007,3776635
755,2011,4245504
755,2010,4167686
755,2016,6098173
755,2014,4470979
755,2021,4811148
755,2020,3746948
755,2012,4537945
755,2018,9247923
755,2013,4610447
755,2008,3714007
756,2010,1288475
756,2014,1536049
756,2016,1665191
756,2013,1370913
756,2021,705772
756,2009,1185327
756,2007,1164231
756,2012,1365343
756,2019,1637337
756,2008,1222994
756,2020,685418
756,2018,1581383
756,2011,1374749
756,2015,1613941
756,2017,1605581
757,2021,4724356
757,2009,3123231
757,2010,3389493
757,2008,3054994
757,2018,8049599
757,2012,3271149
757,2019,8074128
757,2020,5322656
757,2013,3400895
757,2014,3508528
757,2016,3459634
757,2007,3168728
757,2017,7511656
757,2015,3814553
757,2011,3418641
758,2021,4472941
758,2018,10317092
758,2020,4955039
758,2008,7364953
758,2016,11039789
758,2013,10159492
758,2011,8234838
758,2010,7452098
758,2009,7448967
758,2015,11160117
758,2014,10590656
758,2017,11207001
758,2012,9713151
758,2007,7459006
758,2019,10488823
759,2016,1489512
759,2010,1095312
759,2011,1075039
759,2015,1329655
759,2007,1149820
759,2017,1453150
759,2018,1596411
759,2020,690469
759,2008,1186894
759,2013,1130886
759,2019,1281592
759,2012,1103804
759,2021,560543
759,2014,1201513
759,2009,1199979
760,2012,4948504
760,2018,4583968
760,2020,2096566
760,2021,2028753
760,2008,4720808
760,2017,4964196
760,2009,4550984
760,2007,4837806
760,2019,4871929
760,2015,5321523
760,2010,4528704
760,2014,5135720
760,2016,5060671
760,2013,5040507
760,2011,4636878
761,2017,24219994
761,2012,22085605
761,2018,24497646
761,2015,25614455
761,2020,6463756
761,2008,19048245
761,2014,26032437
761,2021,7699650
761,2016,28378426
761,2011,20776511
761,2007,18362940
761,2019,22560365
761,2009,19080395
761,2010,20148033
761,2013,23501317
762,2011,1640785
762,2021,708681
762,2014,1558431
762,2010,1677926
762,2009,1495509
762,2007,1253096
762,2019,1557760
762,2017,1634281
762,2012,1611784
762,2013,1600225
762,2020,694477
762,2018,1435407
762,2015,1564634
762,2008,1299211
762,2016,1666851
763,2021,13781141
763,2009,12144523
763,2010,12694694
763,2019,27096903
763,2007,12426675
763,2013,14448854
763,2011,12622636
763,2014,12890831
763,2012,13038867
763,2017,26888457
763,2016,14369235
763,2008,11549795
763,2018,27139055
763,2020,13568344
763,2015,11702345
764,2007,7434800
764,2013,7221772
764,2021,4624537
764,2010,8025485
764,2009,7852459
764,2011,7738266
764,2012,7525342
764,2017,8433511
764,2019,9559843
764,2018,8389590
764,2016,8953281
764,2020,4005703
764,2015,7704418
764,2008,9325579
764,2014,7514462
765,2009,7336090
765,2010,7151021
765,2019,7966014
765,2017,8331012
765,2020,4290015
765,2013,8560802
765,2012,8226925
765,2007,8515734
765,2021,3384122
765,2011,7811402
765,2015,8960771
765,2016,8972604
765,2008,8140465
765,2014,8819034
765,2018,7950840
766,2007,3427780
766,2014,4503851
766,2020,10091460
766,2013,4170593
766,2012,3986948
766,2017,14639647
766,2015,4597796
766,2016,4728227
766,2008,3498314
766,2018,15274045
766,2011,3919012
766,2009,3832266
766,2010,3897197
766,2021,8706051
766,2019,15667181
767,2010,11672760
767,2019,12528740
767,2017,11956760
767,2007,14761156
767,2016,13395119
767,2008,15062078
767,2018,11900167
767,2021,7056386
767,2011,11748798
767,2013,14195582
767,2012,11953067
767,2009,11468852
767,2015,15631389
767,2014,15298628
767,2020,7040552
768,2014,1807402
768,2011,1996939
768,2021,1053984
768,2009,2125523
768,2010,2000460
768,2012,2108810
768,2017,2074785
768,2013,2128289
768,2015,1821025
768,2007,2074186
768,2019,2149788
768,2008,2084037
768,2016,1893927
768,2020,1140075
768,2018,2155334
769,2019,5862279
769,2020,2754342
769,2018,5619040
769,2014,5870341
769,2008,4348624
769,2021,2663457
769,2016,5692577
769,2007,4247141
769,2010,4454295
769,2011,4894656
769,2009,4477210
769,2012,4859871
769,2013,5585475
769,2015,6034086
769,2017,5682132
770,2007,10968194
770,2014,13352231
770,2016,13204130
770,2011,11347719
770,2010,10934845
770,2018,11447694
770,2020,6578240
770,2015,13189190
770,2012,11533740
770,2017,12202222
770,2009,10839539
770,2013,12442500
770,2019,12133990
770,2021,5433153
770,2008,10888104
771,2016,2869951
771,2007,2202877
771,2020,1956318
771,2015,2816775
771,2009,2310474
771,2017,3366132
771,2013,2633565
771,2012,2660242
771,2019,4349739
771,2018,4040169
771,2011,2685672
771,2010,2542957
771,2008,2308025
771,2014,2646926
771,2021,2015727
773,2010,8676867
773,2013,8957266
773,2017,10318281
773,2009,8599958
773,2016,10567650
773,2007,6786167
773,2011,8889270
773,2021,4225083
773,2012,8637578
773,2014,9719084
773,2008,9173882
773,2018,9836352
773,2015,10703965
773,2020,3929123
773,2019,10252785
774,2015,4503184
774,2012,4425113
774,2016,5006662
774,2021,2183058
774,2008,3702217
774,2011,4062214
774,2014,4261079
774,2010,3893325
774,2007,3521080
774,2018,4734969
774,2020,2362854
774,2009,3788217
774,2013,0
774,2017,4396642
774,2019,4856904
775,2017,3530961
775,2013,3438569
775,2018,3426693
775,2015,3412590
775,2019,3375980
775,2009,2959686
775,2008,3583638
775,2016,3569302
775,2021,1656236
775,2011,2999644
775,2014,3662770
775,2010,2874893
775,2007,3418678
775,2012,3257388
775,2020,1499390
776,2009,8391929
776,2008,8411898
776,2017,10422636
776,2007,8018387
776,2010,8236497
776,2014,11419311
776,2016,11485039
776,2018,10282108
776,2013,10212959
776,2021,4058878
776,2020,4243221
776,2019,10813686
776,2011,8788540
776,2015,11264698
776,2012,9907380
777,2017,29257502
777,2008,18557905
777,2019,32303635
777,2011,20871679
777,2015,26834959
777,2007,18822255
777,2020,15463373
777,2013,25146161
777,2018,30407334
777,2021,13623576
777,2014,27509234
777,2009,18301845
777,2010,19296305
777,2012,22842369
777,2016,32234468
778,2010,21276841
778,2021,12831056
778,2020,12735503
778,2012,24823616
778,2013,27221964
778,2018,30303976
778,2016,33460967
778,2008,20927939
778,2014,29373458
778,2007,20577039
778,2017,31107666
778,2015,30830921
778,2011,22509606
778,2019,32032655
778,2009,20879541
779,2015,3199955
779,2019,3238018
779,2021,1411470
779,2013,3076485
779,2018,3008769
779,2012,2959643
779,2007,3152254
779,2017,3035400
779,2020,1562318
779,2016,3248674
779,2011,2929341
779,2008,2744396
779,2010,2801153
779,2014,3223047
779,2009,2715123
780,2021,2452747
780,2014,4222451
780,2007,9307489
780,2018,7346448
780,2020,1859318
780,2017,7318073
780,2015,7489313
780,2013,8143722
780,2012,7796187
780,2016,7731054
780,2010,7955415
780,2011,7720762
780,2009,8269094
780,2008,8093306
780,2019,7881446
781,2019,2125220
781,2007,2110256
781,2008,1173324
781,2015,2347501
781,2016,2278746
781,2009,1767759
781,2012,2436725
781,2014,7655649
781,2021,0
781,2013,2427793
781,2018,2127743
781,2017,2146778
781,2020,0
781,2011,2459358
781,2010,2142085
783,2011,3211111
783,2020,1173177
783,2016,4452155
783,2014,2125674
783,2018,4178801
783,2017,4247920
783,2010,3143925
783,2021,2027837
783,2013,4047773
783,2015,3902026
783,2008,3138596
783,2009,2982239
783,2007,-1
783,2019,4476640
783,2012,3639976
784,2014,14145874
784,2007,8521360
784,2016,17861867
784,2011,11066974
784,2008,9663065
784,2019,14953717
784,2009,10033484
784,2012,11977082
784,2018,15133433
784,2013,13457338
784,2020,3568419
784,2021,5034192
784,2017,15946577
784,2010,10444575
784,2015,17937654
787,2013,8639504
787,2017,10083167
787,2021,4176709
787,2008,6654779
787,2015,10163683
787,2007,6560143
787,2018,9416737
787,2011,7379858
787,2016,11068171
787,2012,7999518
787,2009,6378067
787,2014,9379438
787,2019,9448211
787,2020,4400677
787,2010,6603326
788,2007,8949223
788,2009,10610907
788,2012,10724783
788,2014,11814216
788,2013,11557722
788,2010,9009718
788,2017,42491516
788,2021,17950386
788,2020,14301897
788,2018,35059059
788,2016,14438625
788,2015,12777430
788,2019,36470471
788,2008,11428836
788,2011,9906521
789,2009,18103460
789,2016,26452132
789,2020,9641852
789,2017,26585096
789,2013,22398063
789,2012,24171152
789,2011,15700824
789,2008,17761816
789,2015,26377071
789,2007,17280493
789,2021,11279522
789,2010,17728629
789,2018,24549011
789,2014,24272586
789,2019,28280620
831,2018,-1
831,2011,-1
831,2021,1163116
831,2009,-1
831,2008,-1
831,2013,-1
831,2020,-1
831,2017,-1
831,2016,-1
831,2019,-1
831,2012,-1
831,2007,-1
831,2015,-1
831,2010,-1
831,2014,-1
832,2008,-1
832,2021,2177911
832,2009,-1
832,2016,-1
832,2007,-1
832,2012,-1
832,2017,-1
832,2019,-1
832,2014,-1
832,2020,-1
832,2013,-1
832,2011,-1
832,2015,-1
832,2018,-1
832,2010,-1
842,2009,-1
842,2016,-1
842,2007,-1
842,2014,-1
842,2008,-1
842,2011,-1
842,2012,-1
842,2015,-1
842,2010,-1
842,2017,18007670
842,2021,6634865
842,2013,-1
842,2018,18160599
842,2020,4222389
842,2019,18319463
850,2019,2113995
850,2010,-1
850,2017,2034156
850,2013,-1
850,2021,1131935
850,2020,1211243
850,2009,-1
850,2018,2075415
850,2007,-1
850,2008,-1
850,2011,-1
850,2015,-1
850,2012,-1
850,2014,-1
850,2016,-1
851,2021,1655934
851,2014,-1
851,2018,3522329
851,2019,3552013
851,2008,-1
851,2007,-1
851,2012,-1
851,2011,-1
851,2015,-1
851,2013,-1
851,2017,3543715
851,2020,2291713
851,2009,-1
851,2010,-1
851,2016,-1
852,2010,41526306
852,2017,48576019
852,2009,39616440
852,2007,41622702
852,2013,50046631
852,2021,18288802
852,2020,13355134
852,2018,49813792
852,2019,47685725
852,2014,51809003
852,2016,54785734
852,2011,46590009
852,2012,48043044
852,2008,43509642
852,2015,54441424
853,2011,-1
853,2015,-1
853,2007,-1
853,2016,-1
853,2020,2492349
853,2021,2768650
853,2014,-1
853,2019,4405944
853,2008,-1
853,2012,-1
853,2018,4216212
853,2017,4058468
853,2013,-1
853,2010,-1
853,2009,-1
854,2013,-1
854,2017,4064583
854,2009,-1
854,2010,-1
854,2011,-1
854,2014,-1
854,2012,-1
854,2021,2260969
854,2020,2051762
854,2016,-1
854,2018,3952397
854,2008,-1
854,2007,-1
854,2015,-1
854,2019,4258652
855,2010,-1
855,2021,3857998
855,2012,-1
855,2020,2308727
855,2017,8677976
855,2019,8150993
855,2008,-1
855,2014,-1
855,2015,-1
855,2018,7916332
855,2013,-1
855,2011,-1
855,2007,-1
855,2009,-1
855,2016,-1
856,2011,-1
856,2015,-1
856,2014,-1
856,2007,-1
856,2019,2708635
856,2008,-1
856,2010,-1
856,2016,-1
856,2020,1328528
856,2021,1514372
856,2012,-1
856,2009,-1
856,2013,-1
856,2018,2716573
856,2017,2898807
857,2012,-1
857,2007,-1
857,2015,-1
857,2008,-1
857,2019,2124149
857,2011,-1
857,2014,-1
857,2009,-1
857,2020,1027512
857,2017,2134183
857,2018,2131157
857,2010,-1
857,2016,-1
857,2021,1142393
857,2013,-1
858,2012,-1
858,2020,1135902
858,2017,4713917
858,2010,-1
858,2019,4967283
858,2013,-1
858,2021,825604
858,2009,-1
858,2014,-1
858,2008,-1
858,2011,-1
858,2015,-1
858,2018,4567851
858,2016,-1
858,2007,-1
859,2020,619028
859,2010,-1
859,2009,-1
859,2016,-1
859,2012,-1
859,2018,763548
859,2017,595193
859,2013,-1
859,2019,855872
859,2021,614843
859,2011,-1
859,2015,-1
859,2007,-1
859,2014,-1
859,2008,-1
860,2015,-1
860,2014,-1
860,2021,4667783
860,2016,-1
860,2020,4061469
860,2007,-1
860,2011,-1
860,2008,-1
860,2010,-1
860,2013,-1
860,2009,-1
860,2018,8499265
860,2017,8539916
860,2012,-1
860,2019,8862262
861,2019,6501819
861,2018,6076155
861,2009,-1
861,2007,-1
861,2010,-1
861,2008,-1
861,2011,-1
861,2015,-1
861,2017,5921106
861,2021,2497386
861,2016,-1
861,2013,-1
861,2012,-1
861,2020,1990713
861,2014,-1
862,2021,4798610
862,2020,3958417
862,2016,-1
862,2019,9780754
862,2018,9231364
862,2013,-1
862,2014,-1
862,2017,9390199
862,2012,-1
862,2009,-1
862,2007,-1
862,2015,-1
862,2010,-1
862,2008,-1
862,2011,-1
864,2021,2401001
864,2007,-1
864,2011,-1
864,2015,-1
864,2009,-1
864,2014,-1
864,2017,4485971
864,2012,-1
864,2016,-1
864,2019,4905211
864,2020,1344452
864,2013,-1
864,2018,4780256
864,2008,-1
864,2010,-1
865,2019,5266544
865,2018,4953763
865,2013,-1
865,2017,4999283
865,2014,-1
865,2020,2579546
865,2016,-1
865,2012,-1
865,2015,-1
865,2021,3049242
865,2007,-1
865,2011,-1
865,2009,-1
865,2008,-1
865,2010,-1
866,2019,1305312
866,2008,-1
866,2015,-1
866,2009,-1
866,2007,-1
866,2011,-1
866,2016,-1
866,2021,1329826
866,2014,-1
866,2012,-1
866,2018,1355439
866,2010,-1
866,2013,-1
866,2017,1280769
866,2020,296160
867,2007,-1
867,2021,1447472
867,2014,-1
867,2012,-1
867,2016,-1
867,2009,-1
867,2019,2624213
867,2020,1418974
867,2010,-1
867,2017,2372121
867,2018,2468678
867,2013,-1
867,2011,-1
867,2015,-1
867,2008,-1
879,2016,-1
879,2021,3920658
879,2013,-1
879,2017,7430815
879,2010,-1
879,2020,2561980
879,2019,7083717
879,2018,6747837
879,2014,-1
879,2012,-1
879,2009,-1
879,2011,-1
879,2015,-1
879,2007,-1
879,2008,-1
882,2008,-1
882,2013,-1
882,2019,1973374
882,2021,1097865
882,2016,-1
882,2012,-1
882,2014,-1
882,2009,-1
882,2007,-1
882,2011,-1
882,2010,-1
882,2015,-1
882,2020,901590
882,2018,1879514
882,2017,1924981
883,2010,-1
883,2007,-1
883,2011,-1
883,2009,-1
883,2013,-1
883,2019,3878104
883,2015,-1
883,2016,-1
883,2018,3637806
883,2017,3662137
883,2008,-1
883,2020,1703338
883,2012,-1
883,2021,2333112
883,2014,-1
884,2010,8223551
884,2013,9784093
884,2018,26460986
884,2017,26514203
884,2011,8710542
884,2020,21331852
884,2016,11913321
884,2008,7982681
884,2015,10916031
884,2014,10100164
884,2019,28393798
884,2009,7834906
884,2021,21144840
884,2012,8737992
884,2007,8098981
886,2011,-1
886,2010,-1
886,2013,-1
886,2018,3883072
886,2017,4935448
886,2008,-1
886,2020,2219789
886,2012,-1
886,2019,3968052
886,2014,-1
886,2016,-1
886,2021,2286632
886,2007,-1
886,2009,-1
886,2015,-1
887,2011,-1
887,2009,-1
887,2010,-1
887,2007,-1
887,2020,774342
887,2016,-1
887,2015,-1
887,2008,-1
887,2013,-1
887,2017,0
887,2018,2242447
887,2014,-1
887,2012,-1
887,2019,2205585
887,2021,2065445
888,2020,952650
888,2015,-1
888,2011,-1
888,2014,-1
888,2010,-1
888,2009,-1
888,2008,-1
888,2007,-1
888,2017,3068336
888,2018,2584885
888,2012,-1
888,2016,-1
888,2019,2438593
888,2021,1381287
888,2013,-1
889,2008,-1
889,2007,-1
889,2010,-1
889,2018,1486202
889,2017,1493352
889,2013,-1
889,2012,-1
889,2020,1135766
889,2014,-1
889,2015,-1
889,2009,-1
889,2016,-1
889,2019,1504172
889,2021,970623
889,2011,-1
890,2011,-1
890,2008,-1
890,2007,-1
890,2016,-1
890,2014,-1
890,2009,-1
890,2010,-1
890,2021,798208
890,2019,1821951
890,2020,642156
890,2012,-1
890,2018,1759509
890,2013,-1
890,2015,-1
890,2017,1778768
891,2020,165824
891,2016,-1
891,2012,-1
891,2008,-1
891,2014,-1
891,2010,-1
891,2015,-1
891,2011,-1
891,2009,-1
891,2007,-1
891,2021,287548
891,2017,688907
891,2013,-1
891,2018,732001
891,2019,508725
893,2019,1993882
893,2018,1859018
893,2017,1888241
893,2013,-1
893,2020,877612
893,2015,-1
893,2010,-1
893,2014,-1
893,2011,-1
893,2008,-1
893,2009,-1
893,2007,-1
893,2021,1138664
893,2012,-1
893,2016,-1
894,2019,1416166
894,2012,-1
894,2015,-1
894,2016,-1
894,2021,1095624
894,2010,-1
894,2007,-1
894,2018,1484206
894,2009,-1
894,2013,-1
894,2014,-1
894,2017,1405306
894,2020,870533
894,2008,-1
894,2011,-1
895,2009,-1
895,2017,2532056
895,2013,-1
895,2014,-1
895,2020,1866578
895,2021,1373476
895,2007,-1
895,2011,-1
895,2016,-1
895,2012,-1
895,2008,-1
895,2010,-1
895,2015,-1
895,2018,2376180
895,2019,2364126
897,2015,-1
897,2016,-1
897,2007,-1
897,2012,-1
897,2021,1766459
897,2020,1139053
897,2018,4005170
897,2017,4242465
897,2009,-1
897,2019,4214301
897,2014,-1
897,2013,-1
897,2010,-1
897,2008,-1
897,2011,-1
898,2019,1700793
898,2009,-1
898,2017,1965251
898,2013,-1
898,2021,884912
898,2007,-1
898,2012,-1
898,2011,-1
898,2008,-1
898,2010,-1
898,2020,992404
898,2016,-1
898,2015,-1
898,2018,1683418
898,2014,-1
928,2013,-1
928,2017,5205602
928,2019,4854886
928,2009,-1
928,2015,-1
928,2008,-1
928,2020,2084916
928,2011,-1
928,2010,-1
928,2014,-1
928,2016,-1
928,2007,-1
928,2018,4936188
928,2012,-1
928,2021,2725047
940,2020,4236407
940,2015,-1
940,2011,-1
940,2016,-1
940,2012,-1
940,2007,-1
940,2017,10846562
940,2013,-1
940,2021,4701185
940,2008,-1
940,2010,-1
940,2014,-1
940,2009,-1
940,2019,9662035
940,2018,9860449
1022,2007,-1
1022,2012,-1
1022,2014,-1
1022,2018,3230842
1022,2013,-1
1022,2017,3351634
1022,2009,-1
1022,2019,3456324
1022,2015,-1
1022,2010,-1
1022,2016,-1
1022,2021,1815479
1022,2020,1260312
1022,2011,-1
1022,2008,-1
1023,2011,-1
1023,2014,-1
1023,2013,-1
1023,2009,-1
1023,2018,3114353
1023,2017,3249377
1023,2019,3318585
1023,2016,-1
1023,2021,1949719
1023,2012,-1
1023,2007,-1
1023,2010,-1
1023,2008,-1
1023,2015,-1
1023,2020,1305815
1024,2009,-1
1024,2013,-1
1024,2018,8937833
1024,2019,9507906
1024,2016,-1
1024,2020,1376963
1024,2014,-1
1024,2017,8860547
1024,2008,-1
1024,2010,-1
1024,2011,-1
1024,2015,-1
1024,2007,-1
1024,2021,4601311
1024,2012,-1
1039,2021,860347
1039,2015,-1
1039,2011,-1
1039,2010,-1
1039,2008,-1
1039,2013,-1
1039,2018,1817189
1039,2016,-1
1039,2009,-1
1039,2007,-1
1039,2020,601765
1039,2017,1826741
1039,2019,1786036
1039,2014,-1
1039,2012,-1
1082,2009,-1
1082,2020,1956196
1082,2012,-1
1082,2011,-1
1082,2013,-1
1082,2019,5561873
1082,2007,-1
1082,2015,-1
1082,2014,-1
1082,2016,-1
1082,2018,5388663
1082,2017,4331978
1082,2010,-1
1082,2008,-1
1082,2021,2678672
1083,2017,4926621
1083,2011,-1
1083,2010,-1
1083,2008,-1
1083,2020,2084074
1083,2018,4742011
1083,2012,-1
1083,2014,-1
1083,2016,-1
1083,2009,-1
1083,2019,4873849
1083,2013,-1
1083,2021,2939844
1083,2015,-1
1083,2007,-1
1085,2009,-1
1085,2017,2481764
1085,2018,2512598
1085,2016,-1
1085,2010,-1
1085,2008,-1
1085,2007,-1
1085,2015,-1
1085,2021,1340834
1085,2011,-1
1085,2020,775518
1085,2013,-1
1085,2019,2548862
1085,2012,-1
1085,2014,-1
1395,2019,698731
1395,2008,-1
1395,2010,-1
1395,2014,-1
1395,2012,-1
1395,2018,665334
1395,2009,-1
1395,2017,651775
1395,2016,-1
1395,2013,-1
1395,2020,261806
1395,2021,396594
1395,2007,-1
1395,2015,-1
1395,2011,-1
1398,2009,-1
1398,2017,710039
1398,2010,-1
1398,2015,-1
1398,2021,443478
1398,2011,-1
1398,2007,-1
1398,2008,-1
1398,2020,356731
1398,2018,715589
1398,2019,726221
1398,2012,-1
1398,2013,-1
1398,2016,-1
1398,2014,-1
1402,2012,-1
1402,2016,-1
1402,2020,664957
1402,2014,-1
1402,2019,1681091
1402,2013,-1
1402,2018,1491039
1402,2017,1492464
1402,2009,-1
1402,2007,-1
1402,2015,-1
1402,2021,1135592
1402,2008,-1
1402,2011,-1
1402,2010,-1
1404,2007,-1
1404,2010,-1
1404,2009,-1
1404,2020,1134052
1404,2011,-1
1404,2012,-1
1404,2008,-1
1404,2013,-1
1404,2014,-1
1404,2019,1790280
1404,2016,-1
1404,2015,-1
1404,2018,1845816
1404,2017,1990116
1404,2021,1167174
1409,2020,1968124
1409,2008,-1
1409,2019,2691232
1409,2012,-1
1409,2013,-1
1409,2016,-1
1409,2021,1777739
1409,2014,-1
1409,2015,-1
1409,2011,-1
1409,2009,-1
1409,2010,-1
1409,2017,2467887
1409,2018,2729452
1409,2007,-1
1413,2014,-1
1413,2012,-1
1413,2021,2246249
1413,2016,-1
1413,2019,3466018
1413,2015,-1
1413,2008,-1
1413,2013,-1
1413,2010,-1
1413,2007,-1
1413,2009,-1
1413,2018,3562302
1413,2017,3562249
1413,2020,2698906
1413,2011,-1
1415,2011,-1
1415,2008,-1
1415,2014,-1
1415,2021,539192
1415,2016,-1
1415,2019,930564
1415,2007,-1
1415,2013,-1
1415,2020,441473
1415,2015,-1
1415,2017,866081
1415,2018,811126
1415,2009,-1
1415,2010,-1
1415,2012,-1
1421,2010,-1
1421,2007,-1
1421,2009,-1
1421,2011,-1
1421,2021,3117437
1421,2016,-1
1421,2015,-1
1421,2014,-1
1421,2019,5056826
1421,2008,-1
1421,2012,-1
1421,2013,-1
1421,2020,2773686
1421,2018,5382676
1421,2017,5860118
1429,2012,-1
1429,2011,-1
1429,2013,-1
1429,2020,3124929
1429,2018,6376332
1429,2008,-1
1429,2015,-1
1429,2009,-1
1429,2010,-1
1429,2007,-1
1429,2017,6461602
1429,2016,-1
1429,2019,6415030
1429,2021,4048993
1429,2014,-1
1434,2012,-1
1434,2020,413101
1434,2009,-1
1434,2021,384932
1434,2010,-1
1434,2007,-1
1434,2014,-1
1434,2016,-1
1434,2019,652914
1434,2011,-1
1434,2015,-1
1434,2008,-1
1434,2017,658172
1434,2018,620534
1434,2013,-1
1437,2008,-1
1437,2012,-1
1437,2019,2968014
1437,2017,2924794
1437,2015,-1
1437,2020,1839585
1437,2018,3059657
1437,2013,-1
1437,2010,-1
1437,2016,-1
1437,2009,-1
1437,2021,1838214
1437,2014,-1
1437,2011,-1
1437,2007,-1
1438,2016,-1
1438,2011,-1
1438,2019,1517887
1438,2017,1584534
1438,2015,-1
1438,2008,-1
1438,2007,-1
1438,2021,984626
1438,2010,-1
1438,2013,-1
1438,2020,913806
1438,2014,-1
1438,2009,-1
1438,2018,1511170
1438,2012,-1
1439,2018,1679845
1439,2014,-1
1439,2009,-1
1439,2012,-1
1439,2010,-1
1439,2011,-1
1439,2021,1350071
1439,2017,1742987
1439,2013,-1
1439,2008,-1
1439,2015,-1
1439,2016,-1
1439,2007,-1
1439,2019,1802241
1439,2020,898929
1440,2012,-1
1440,2015,-1
1440,2010,-1
1440,2014,-1
1440,2018,5115423
1440,2011,-1
1440,2020,2226106
1440,2016,-1
1440,2007,-1
1440,2009,-1
1440,2017,5471661
1440,2019,5062324
1440,2021,2853286
1440,2013,-1
1440,2008,-1
1441,2007,-1
1441,2021,1803938
1441,2009,-1
1441,2019,3104982
1441,2020,1255178
1441,2016,-1
1441,2008,-1
1441,2017,3333820
1441,2014,-1
1441,2018,3108125
1441,2012,-1
1441,2010,-1
1441,2013,-1
1441,2015,-1
1441,2011,-1
1442,2011,-1
1442,2019,1191720
1442,2020,702972
1442,2016,-1
1442,2009,-1
1442,2007,-1
1442,2021,766704
1442,2017,1091852
1442,2015,-1
1442,2008,-1
1442,2012,-1
1442,2010,-1
1442,2013,-1
1442,2014,-1
1442,2018,1113234
1443,2008,-1
1443,2012,-1
1443,2018,5730840
1443,2014,-1
1443,2017,5909377
1443,2010,-1
1443,2015,-1
1443,2013,-1
1443,2020,2069833
1443,2011,-1
1443,2019,6214642
1443,2009,-1
1443,2021,3212644
1443,2007,-1
1443,2016,-1
1444,2015,-1
1444,2016,-1
1444,2013,-1
1444,2020,1420814
1444,2011,-1
1444,2009,-1
1444,2007,-1
1444,2021,2116277
1444,2019,4125202
1444,2018,3652046
1444,2014,-1
1444,2017,3561954
1444,2008,-1
1444,2012,-1
1444,2010,-1
1445,2009,-1
1445,2020,1370533
1445,2016,-1
1445,2011,-1
1445,2019,2364775
1445,2007,-1
1445,2013,-1
1445,2014,-1
1445,2018,2403061
1445,2017,2273363
1445,2021,1445981
1445,2008,-1
1445,2012,-1
1445,2015,-1
1445,2010,-1
1448,2021,2095470
1448,2020,1791959
1448,2008,-1
1448,2018,2874085
1448,2010,-1
1448,2017,2946889
1448,2012,-1
1448,2015,-1
1448,2007,-1
1448,2009,-1
1448,2016,-1
1448,2013,-1
1448,2014,-1
1448,2019,2987835
1448,2011,-1
1449,2021,1629280
1449,2007,-1
1449,2019,2161589
1449,2013,-1
1449,2008,-1
1449,2015,-1
1449,2009,-1
1449,2020,1077455
1449,2012,-1
1449,2017,2493968
1449,2010,-1
1449,2018,2174959
1449,2016,-1
1449,2011,-1
1449,2014,-1
1451,2010,-1
1451,2020,352022
1451,2009,-1
1451,2015,-1
1451,2008,-1
1451,2012,-1
1451,2021,412312
1451,2016,-1
1451,2014,-1
1451,2011,-1
1451,2019,577003
1451,2013,-1
1451,2007,-1
1451,2017,510791
1451,2018,507714
1452,2012,-1
1452,2013,-1
1452,2014,-1
1452,2011,-1
1452,2019,1457168
1452,2007,-1
1452,2015,-1
1452,2020,682929
1452,2008,-1
1452,2009,-1
1452,2018,1490942
1452,2010,-1
1452,2017,1378003
1452,2016,-1
1452,2021,831678
1455,2016,-1
1455,2017,1383367
1455,2010,-1
1455,2015,-1
1455,2009,-1
1455,2020,720831
1455,2008,-1
1455,2018,1283695
1455,2019,1404551
1455,2011,-1
1455,2014,-1
1455,2007,-1
1455,2013,-1
1455,2021,971404
1455,2012,-1
1524,2021,1169992
1524,2013,-1
1524,2019,1389262
1524,2007,-1
1524,2015,-1
1524,2011,-1
1524,2018,1235903
1524,2009,-1
1524,2008,-1
1524,2020,1087744
1524,2012,-1
1524,2010,-1
1524,2016,-1
1524,2017,887733
1524,2014,-1
3000,2016,-1
3000,2013,-1
3000,2007,-1
3000,2009,-1
3000,2018,300026
3000,2019,381479
3000,2012,-1
3000,2011,-1
3000,2014,-1
3000,2010,-1
3000,2015,-1
3000,2008,-1
3000,2020,178777
3000,2021,316257
3000,2017,-1
3087,2010,-1
3087,2015,-1
3087,2020,5977071
3087,2018,4086849
3087,2017,-1
3087,2009,-1
3087,2008,-1
3087,2011,-1
3087,2012,-1
3087,2019,4722949
3087,2007,-1
3087,2013,-1
3087,2016,-1
3087,2014,-1
3087,2021,8513238
3147,2012,-1
3147,2014,-1
3147,2021,1964707
3147,2015,-1
3147,2008,-1
3147,2013,-1
3147,2020,102141
3147,2017,-1
3147,2010,-1
3147,2009,-1
3147,2018,-1
3147,2016,-1
3147,2007,-1
3147,2011,-1
3147,2019,-1
3149,2020,1211829
3149,2010,-1
3149,2013,-1
3149,2009,-1
3149,2012,-1
3149,2018,-1
3149,2015,-1
3149,2019,-1
3149,2014,-1
3149,2011,-1
3149,2021,1544095
3149,2007,-1
3149,2016,-1
3149,2008,-1
3149,2017,-1
3151,2019,-1
3151,2011,-1
3151,2014,-1
3151,2010,-1
3151,2008,-1
3151,2018,-1
3151,2017,-1
3151,2009,-1
3151,2013,-1
3151,2015,-1
3151,2020,20878
3151,2012,-1
3151,2021,266945
3151,2016,-1
3151,2007,-1
3155,2008,-1
3155,2014,-1
3155,2020,13407
3155,2013,-1
3155,2017,-1
3155,2015,-1
3155,2010,-1
3155,2012,-1
3155,2021,837725
3155,2007,-1
3155,2009,-1
3155,2011,-1
3155,2019,-1
3155,2018,-1
3155,2016,-1
3170,2009,-1
3170,2015,-1
3170,2014,-1
3170,2008,-1
3170,2010,-1
3170,2011,-1
3170,2019,-1
3170,2012,-1
3170,2021,182117
3170,2016,-1
3170,2017,-1
3170,2013,-1
3170,2020,43002
3170,2018,-1
3170,2007,-1
3171,2018,-1
3171,2013,-1
3171,2020,81604
3171,2008,-1
3171,2009,-1
3171,2014,-1
3171,2017,-1
3171,2015,-1
3171,2012,-1
3171,2019,-1
3171,2010,-1
3171,2021,565434
3171,2011,-1
3171,2007,-1
3171,2016,-1
3172,2016,-1
3172,2014,-1
3172,2021,2170889
3172,2017,-1
3172,2019,-1
3172,2012,-1
3172,2011,-1
3172,2009,-1
3172,2018,-1
3172,2007,-1
3172,2015,-1
3172,2008,-1
3172,2013,-1
3172,2020,234410
3172,2010,-1
3174,2017,-1
3174,2015,-1
3174,2018,-1
3174,2007,-1
3174,2012,-1
3174,2011,-1
3174,2009,-1
3174,2014,-1
3174,2016,-1
3174,2008,-1
3174,2013,-1
3174,2020,1104778
3174,2010,-1
3174,2019,-1
3174,2021,1361605
3176,2017,-1
3176,2014,-1
3176,2009,-1
3176,2018,-1
3176,2008,-1
3176,2015,-1
3176,2007,-1
3176,2011,-1
3176,2019,-1
3176,2012,-1
3176,2021,894325
3176,2020,106258
3176,2013,-1
3176,2010,-1
3176,2016,-1
3186,2017,-1
3186,2021,1620176
3186,2013,-1
3186,2012,-1
3186,2010,-1
3186,2020,1147933
3186,2008,-1
3186,2018,2246986
3186,2014,-1
3186,2011,-1
3186,2019,2546115
3186,2016,-1
3186,2007,-1
3186,2009,-1
3186,2015,-1
3187,2012,-1
3187,2013,-1
3187,2008,-1
3187,2011,-1
3187,2020,1429088
3187,2019,2563229
3187,2015,-1
3187,2009,-1
3187,2018,1723747
3187,2007,-1
3187,2016,-1
3187,2021,2294079
3187,2010,-1
3187,2017,-1
3187,2014,-1
3188,2009,-1
3188,2015,-1
3188,2007,-1
3188,2018,1215358
3188,2010,-1
3188,2013,-1
3188,2012,-1
3188,2017,-1
3188,2008,-1
3188,2021,908453
3188,2019,1487684
3188,2016,-1
3188,2014,-1
3188,2020,663903
3188,2011,-1
3191,2012,-1
3191,2013,-1
3191,2008,-1
3191,2010,-1
3191,2007,-1
3191,2009,-1
3191,2018,364993
3191,2015,-1
3191,2020,387664
3191,2019,675795
3191,2011,-1
3191,2014,-1
3191,2016,-1
3191,2017,-1
3191,2021,576380
5150,2020,1492538
5150,2011,-1
5150,2014,-1
5150,2019,2655302
5150,2016,-1
5150,2021,1532792
5150,2009,-1
5150,2018,2660707
5150,2017,2784006
5150,2007,-1
5150,2010,-1
5150,2008,-1
5150,2013,-1
5150,2015,-1
5150,2012,-1
5301,2019,2260168
5301,2011,-1
5301,2018,2192193
5301,2021,1231647
5301,2016,-1
5301,2009,-1
5301,2014,-1
5301,2008,-1
5301,2012,-1
5301,2010,-1
5301,2020,936152
5301,2007,-1
5301,2015,-1
5301,2017,2248857
5301,2013,-1
5345,2017,6886621
5345,2007,-1
5345,2018,5850998
5345,2021,2724966
5345,2016,-1
5345,2019,5606001
5345,2011,-1
5345,2010,-1
5345,2009,-1
5345,2008,-1
5345,2015,-1
5345,2014,-1
5345,2012,-1
5345,2020,2076254
5345,2013,-1
5356,2008,-1
5356,2020,1455238
5356,2013,-1
5356,2015,-1
5356,2012,-1
5356,2009,-1
5356,2014,-1
5356,2007,-1
5356,2016,-1
5356,2018,2094773
5356,2010,-1
5356,2011,-1
5356,2017,2058418
5356,2019,2000025
5356,2021,1667100
5362,2019,3366957
5362,2011,-1
5362,2018,3354862
5362,2014,-1
5362,2012,-1
5362,2013,-1
5362,2016,-1
5362,2017,3491388
5362,2010,-1
5362,2008,-1
5362,2007,-1
5362,2021,1701565
5362,2015,-1
5362,2009,-1
5362,2020,1202543
5372,2014,-1
5372,2010,-1
5372,2019,852193
5372,2012,-1
5372,2016,-1
5372,2018,837919
5372,2013,-1
5372,2017,857961
5372,2011,-1
5372,2009,-1
5372,2015,-1
5372,2021,455293
5372,2020,393435
5372,2008,-1
5372,2007,-1
5376,2016,-1
5376,2018,1447591
5376,2017,1475831
5376,2021,886919
5376,2012,-1
5376,2015,-1
5376,2007,-1
5376,2009,-1
5376,2008,-1
5376,2014,-1
5376,2010,-1
5376,2020,749301
5376,2013,-1
5376,2019,1568093
5376,2011,-1
5378,2012,-1
5378,2015,-1
5378,2009,-1
5378,2014,-1
5378,2008,-1
5378,2019,842354
5378,2016,-1
5378,2013,-1
5378,2021,572881
5378,2010,-1
5378,2018,813443
5378,2007,-1
5378,2020,359406
5378,2017,1038116
5378,2011,-1
5397,2021,821918
5397,2017,1141012
5397,2011,-1
5397,2016,-1
5397,2020,558737
5397,2019,1264544
5397,2013,-1
5397,2010,-1
5397,2015,-1
5397,2008,-1
5397,2014,-1
5397,2012,-1
5397,2018,1220020
5397,2009,-1
5397,2007,-1
5404,2007,-1
5404,2014,-1
5404,2012,-1
5404,2008,-1
5404,2015,-1
5404,2010,-1
5404,2021,2280512
5404,2009,-1
5404,2016,-1
5404,2013,-1
5404,2019,4280207
5404,2017,4377054
5404,2018,4254718
5404,2011,-1
5404,2020,1633785
5411,2015,-1
5411,2017,3259957
5411,2021,2293962
5411,2011,-1
5411,2019,3594643
5411,2013,-1
5411,2016,-1
5411,2018,3772252
5411,2009,-1
5411,2012,-1
5411,2020,2289241
5411,2007,-1
5411,2008,-1
5411,2010,-1
5411,2014,-1
5418,2010,-1
5418,2007,-1
5418,2008,-1
5418,2013,-1
5418,2012,-1
5418,2014,-1
5418,2020,1069321
5418,2009,-1
5418,2015,-1
5418,2016,-1
5418,2019,3194783
5418,2011,-1
5418,2018,3114594
5418,2017,3133342
5418,2021,1640297
5420,2021,6842
5420,2020,10748
5420,2018,10910
5420,2017,10383
5420,2010,-1
5420,2019,12154
5420,2011,-1
5420,2016,-1
5420,2007,-1
5420,2013,-1
5420,2015,-1
5420,2014,-1
5420,2009,-1
5420,2012,-1
5420,2008,-1
5421,2018,7382684
5421,2016,-1
5421,2010,-1
5421,2012,-1
5421,2019,7990260
5421,2020,3742004
5421,2015,-1
5421,2008,-1
5421,2009,-1
5421,2014,-1
5421,2011,-1
5421,2013,-1
5421,2007,-1
5421,2021,4447266
5421,2017,7709693
5423,2010,-1
5423,2019,4200052
5423,2009,-1
5423,2014,-1
5423,2015,-1
5423,2020,1518905
5423,2011,-1
5423,2013,-1
5423,2016,-1
5423,2008,-1
5423,2012,-1
5423,2018,4113512
5423,2017,4084899
5423,2007,-1
5423,2021,2241738
5424,2015,-1
5424,2020,942423
5424,2021,1158467
5424,2019,2120306
5424,2013,-1
5424,2012,-1
5424,2010,-1
5424,2011,-1
5424,2007,-1
5424,2018,2084056
5424,2016,-1
5424,2017,1962509
5424,2014,-1
5424,2008,-1
5424,2009,-1
5437,2013,-1
5437,2007,-1
5437,2010,-1
5437,2011,-1
5437,2014,-1
5437,2021,1456686
5437,2019,2962757
5437,2017,2974643
5437,2016,-1
5437,2018,2907347
5437,2012,-1
5437,2015,-1
5437,2009,-1
5437,2020,1100736
5437,2008,-1
5595,2012,-1
5595,2015,-1
5595,2010,-1
5595,2016,-1
5595,2011,-1
5595,2007,-1
5595,2018,14878382
5595,2021,10438622
5595,2013,-1
5595,2019,14773995
5595,2020,9994169
5595,2014,-1
5595,2009,-1
5595,2017,14788770
5595,2008,-1
6814,2007,-1
6814,2011,-1
6814,2008,-1
6814,2018,437039
6814,2017,453708
6814,2016,-1
6814,2013,-1
6814,2019,459470
6814,2010,-1
6814,2020,198951
6814,2014,-1
6814,2015,-1
6814,2012,-1
6814,2009,-1
6814,2021,340289
6867,2012,-1
6867,2020,1715892
6867,2008,-1
6867,2011,-1
6867,2019,3480439
6867,2013,-1
6867,2017,3347992
6867,2014,-1
6867,2018,3334586
6867,2016,-1
6867,2021,2128124
6867,2010,-1
6867,2009,-1
6867,2015,-1
6867,2007,-1
6872,2020,1168543
6872,2007,-1
6872,2014,-1
6872,2009,-1
6872,2016,-1
6872,2021,1390728
6872,2010,-1
6872,2015,-1
6872,2018,2971409
6872,2011,-1
6872,2017,2910274
6872,2013,-1
6872,2019,2430028
6872,2008,-1
6872,2012,-1
6874,2012,-1
6874,2020,2469914
6874,2008,-1
6874,2011,-1
6874,2017,4000605
6874,2013,-1
6874,2019,4402503
6874,2009,-1
6874,2016,-1
6874,2010,-1
6874,2021,2396450
6874,2018,3855694
6874,2007,-1
6874,2014,-1
6874,2015,-1
6876,2014,-1
6876,2018,3236484
6876,2015,-1
6876,2007,-1
6876,2021,2548489
6876,2016,-1
6876,2009,-1
6876,2010,-1
6876,2011,-1
6876,2017,2956428
6876,2019,3931741
6876,2013,-1
6876,2020,2488244
6876,2012,-1
6876,2008,-1
6877,2012,-1
6877,2008,-1
6877,2020,1273342
6877,2009,-1
6877,2019,3091264
6877,2013,-1
6877,2017,2393978
6877,2011,-1
6877,2014,-1
6877,2018,2717776
6877,2016,-1
6877,2010,-1
6877,2007,-1
6877,2021,1533725
6877,2015,-1
6878,2011,-1
6878,2020,2290994
6878,2009,-1
6878,2012,-1
6878,2008,-1
6878,2007,-1
6878,2017,3481761
6878,2013,-1
6878,2016,-1
6878,2015,-1
6878,2010,-1
6878,2018,3445071
6878,2014,-1
6878,2021,2145176
6878,2019,3969489
6879,2009,-1
6879,2018,2752817
6879,2016,-1
6879,2015,-1
6879,2014,-1
6879,2010,-1
6879,2012,-1
6879,2020,1573665
6879,2008,-1
6879,2019,3102641
6879,2021,1760138
6879,2013,-1
6879,2017,2495901
6879,2011,-1
6879,2007,-1
6881,2009,-1
6881,2018,7653644
6881,2016,-1
6881,2010,-1
6881,2014,-1
6881,2015,-1
6881,2007,-1
6881,2008,-1
6881,2012,-1
6881,2021,4106402
6881,2011,-1
6881,2020,3930054
6881,2017,7987556
6881,2013,-1
6881,2019,8343355
6883,2012,-1
6883,2013,-1
6883,2020,1687629
6883,2017,2120086
6883,2019,2762719
6883,2021,1781334
6883,2008,-1
6883,2011,-1
6883,2018,1980072
6883,2010,-1
6883,2016,-1
6883,2009,-1
6883,2014,-1
6883,2015,-1
6883,2007,-1
6886,2009,-1
6886,2007,-1
6886,2017,8484992
6886,2013,-1
6886,2016,-1
6886,2014,-1
6886,2015,-1
6886,2018,7891190
6886,2010,-1
6886,2019,9522899
6886,2008,-1
6886,2020,4569696
6886,2011,-1
6886,2021,5920159
6886,2012,-1
6888,2011,-1
6888,2019,1857641
6888,2017,1724799
6888,2007,-1
6888,2018,1593139
6888,2014,-1
6888,2016,-1
6888,2009,-1
6888,2010,-1
6888,2015,-1
6888,2013,-1
6888,2008,-1
6888,2012,-1
6888,2021,1493660
6888,2020,1365424
6893,2009,-1
6893,2014,-1
6893,2016,-1
6893,2017,3030081
6893,2008,-1
6893,2021,2046889
6893,2011,-1
6893,2012,-1
6893,2020,2087123
6893,2019,3519698
6893,2013,-1
6893,2007,-1
6893,2018,3133514
6893,2010,-1
6893,2015,-1
6913,2020,508104
6913,2021,753674
6913,2012,-1
6913,2014,-1
6913,2015,-1
6913,2007,-1
6913,2010,-1
6913,2008,-1
6913,2011,-1
6913,2017,1204935
6913,2013,-1
6913,2019,1416560
6913,2009,-1
6913,2018,1257096
6913,2016,-1
6914,2018,2123980
6914,2007,-1
6914,2016,-1
6914,2012,-1
6914,2009,-1
6914,2017,2084007
6914,2013,-1
6914,2019,2215460
6914,2015,-1
6914,2008,-1
6914,2020,999111
6914,2010,-1
6914,2014,-1
6914,2011,-1
6914,2021,1279317
6919,2009,-1
6919,2021,1735398
6919,2014,-1
6919,2008,-1
6919,2015,-1
6919,2018,2801865
6919,2016,-1
6919,2011,-1
6919,2020,1215998
6919,2012,-1
6919,2019,2900832
6919,2007,-1
6919,2013,-1
6919,2017,2308794
6919,2010,-1
6926,2007,-1
6926,2013,-1
6926,2019,1900867
6926,2011,-1
6926,2009,-1
6926,2021,1157488
6926,2020,905095
6926,2012,-1
6926,2017,1776056
6926,2008,-1
6926,2015,-1
6926,2014,-1
6926,2018,1879898
6926,2010,-1
6926,2016,-1
6934,2008,-1
6934,2010,-1
6934,2020,715508
6934,2017,1545265
6934,2011,-1
6934,2012,-1
6934,2013,-1
6934,2019,1607495
6934,2007,-1
6934,2014,-1
6934,2015,-1
6934,2016,-1
6934,2021,1176525
6934,2009,-1
6934,2018,1446191
6941,2017,3709925
6941,2019,4058791
6941,2013,-1
6941,2007,-1
6941,2020,2105087
6941,2015,-1
6941,2014,-1
6941,2010,-1
6941,2008,-1
6941,2016,-1
6941,2018,3568143
6941,2009,-1
6941,2021,2348713
6941,2012,-1
6941,2011,-1
6947,2013,-1
6947,2014,-1
6947,2017,1271810
6947,2020,615296
6947,2007,-1
6947,2018,1138676
6947,2016,-1
6947,2009,-1
6947,2021,693974
6947,2015,-1
6947,2010,-1
6947,2008,-1
6947,2012,-1
6947,2019,1175370
6947,2011,-1
6949,2013,-1
6949,2011,-1
6949,2007,-1
6949,2015,-1
6949,2018,734754
6949,2016,-1
6949,2012,-1
6949,2010,-1
6949,2017,743156
6949,2008,-1
6949,2020,392947
6949,2014,-1
6949,2019,770253
6949,2009,-1
6949,2021,466660
6952,2007,-1
6952,2013,-1
6952,2014,-1
6952,2019,1269753
6952,2008,-1
6952,2010,-1
6952,2011,-1
6952,2012,-1
6952,2018,1235516
6952,2015,-1
6952,2020,623317
6952,2017,1287754
6952,2021,671342
6952,2016,-1
6952,2009,-1
6954,2009,-1
6954,2020,947291
6954,2015,-1
6954,2016,-1
6954,2018,1781513
6954,2011,-1
6954,2012,-1
6954,2010,-1
6954,2007,-1
6954,2008,-1
6954,2014,-1
6954,2013,-1
6954,2019,1862285
6954,2021,1242080
6954,2017,1422045
6956,2007,-1
6956,2012,-1
6956,2010,-1
6956,2014,-1
6956,2011,-1
6956,2008,-1
6956,2015,-1
6956,2009,-1
6956,2018,2358599
6956,2016,-1
6956,2021,1161269
6956,2019,1885627
6956,2013,-1
6956,2020,1027468
6956,2017,2264604
6958,2011,-1
6958,2019,1782467
6958,2013,-1
6958,2015,-1
6958,2007,-1
6958,2014,-1
6958,2012,-1
6958,2020,936661
6958,2010,-1
6958,2017,1580400
6958,2008,-1
6958,2018,1564321
6958,2016,-1
6958,2021,1378067
6958,2009,-1
6959,2019,2461521
6959,2007,-1
6959,2015,-1
6959,2014,-1
6959,2017,2388070
6959,2008,-1
6959,2010,-1
6959,2013,-1
6959,2018,2441874
6959,2020,1058812
6959,2011,-1
6959,2012,-1
6959,2021,1437473
6959,2009,-1
6959,2016,-1
6961,2010,-1
6961,2016,-1
6961,2009,-1
6961,2018,1357219
6961,2021,1047192
6961,2011,-1
6961,2007,-1
6961,2015,-1
6961,2013,-1
6961,2012,-1
6961,2019,1352754
6961,2020,891335
6961,2014,-1
6961,2017,1364618
6961,2008,-1
6962,2013,-1
6962,2017,980935
6962,2010,-1
6962,2011,-1
6962,2008,-1
6962,2020,516410
6962,2019,1115133
6962,2012,-1
6962,2014,-1
6962,2015,-1
6962,2016,-1
6962,2021,889589
6962,2009,-1
6962,2007,-1
6962,2018,997132
6965,2015,-1
6965,2013,-1
6965,2007,-1
6965,2017,28427447
6965,2008,-1
6965,2010,-1
6965,2014,-1
6965,2012,-1
6965,2019,32248118
6965,2011,-1
6965,2020,12114962
6965,2018,29893382
6965,2009,-1
6965,2021,16460908
6965,2016,-1
6966,2017,1784175
6966,2020,787176
6966,2011,-1
6966,2012,-1
6966,2008,-1
6966,2018,1791071
6966,2016,-1
6966,2010,-1
6966,2014,-1
6966,2009,-1
6966,2015,-1
6966,2021,1188188
6966,2013,-1
6966,2019,2050471
6966,2007,-1
6967,2010,-1
6967,2019,1161046
6967,2008,-1
6967,2013,-1
6967,2007,-1
6967,2009,-1
6967,2015,-1
6967,2021,869834
6967,2014,-1
6967,2016,-1
6967,2018,1095421
6967,2020,468783
6967,2017,1181806
6967,2012,-1
6967,2011,-1
6968,2011,-1
6968,2010,-1
6968,2019,1028322
6968,2015,-1
6968,2018,948856
6968,2016,-1
6968,2008,-1
6968,2020,637758
6968,2017,987086
6968,2012,-1
6968,2021,695033
6968,2009,-1
6968,2007,-1
6968,2014,-1
6968,2013,-1
6970,2009,-1
6970,2021,1316546
6970,2014,-1
6970,2008,-1
6970,2020,1080904
6970,2016,-1
6970,2018,1108395
6970,2015,-1
6970,2007,-1
6970,2013,-1
6970,2019,1556190
6970,2010,-1
6970,2011,-1
6970,2012,-1
6970,2017,1283840
6972,2011,-1
6972,2012,-1
6972,2020,1589687
6972,2008,-1
6972,2019,2896057
6972,2015,-1
6972,2013,-1
6972,2007,-1
6972,2021,1682406
6972,2017,2498643
6972,2018,2560391
6972,2010,-1
6972,2016,-1
6972,2009,-1
6972,2014,-1
6973,2020,719781
6973,2012,-1
6973,2010,-1
6973,2016,-1
6973,2011,-1
6973,2021,893897
6973,2013,-1
6973,2018,1283744
6973,2007,-1
6973,2015,-1
6973,2019,1331099
6973,2008,-1
6973,2014,-1
6973,2009,-1
6973,2017,1133828
6977,2014,-1
6977,2018,7269623
6977,2013,-1
6977,2015,-1
6977,2019,7355336
6977,2009,-1
6977,2007,-1
6977,2011,-1
6977,2010,-1
6977,2012,-1
6977,2017,6639640
6977,2020,3074965
6977,2016,-1
6977,2008,-1
6977,2021,3873150
6978,2018,1296778
6978,2015,-1
6978,2007,-1
6978,2013,-1
6978,2014,-1
6978,2009,-1
6978,2019,2865480
6978,2011,-1
6978,2020,1294674
6978,2021,2034502
6978,2017,2027072
6978,2016,-1
6978,2008,-1
6978,2010,-1
6978,2012,-1
6979,2008,-1
6979,2009,-1
6979,2021,3004286
6979,2012,-1
6979,2010,-1
6979,2011,-1
6979,2016,-1
6979,2020,2563827
6979,2017,4916632
6979,2019,5106067
6979,2018,5070913
6979,2007,-1
6979,2013,-1
6979,2014,-1
6979,2015,-1
7090,2010,-1
7090,2015,-1
7090,2019,1664708
7090,2017,-1
7090,2013,-1
7090,2014,-1
7090,2021,723162
7090,2018,1436239
7090,2007,-1
7090,2012,-1
7090,2011,-1
7090,2020,129339
7090,2009,-1
7090,2016,-1
7090,2008,-1
7091,2018,1420311
7091,2015,-1
7091,2013,-1
7091,2019,1426266
7091,2021,0
7091,2007,-1
7091,2012,-1
7091,2014,-1
7091,2011,-1
7091,2008,-1
7091,2009,-1
7091,2016,-1
7091,2017,-1
7091,2020,0
7091,2010,-1
7401,2019,1342722
7401,2021,976641
7401,2020,1043961
7401,2016,-1
7401,2012,-1
7401,2010,-1
7401,2011,-1
7401,2008,-1
7401,2009,-1
7401,2014,-1
7401,2013,-1
7401,2007,-1
7401,2015,-1
7401,2018,1228323
7401,2017,934235
7402,2009,-1
7402,2017,1502699
7402,2013,-1
7402,2014,-1
7402,2015,-1
7402,2016,-1
7402,2020,1112804
7402,2021,997076
7402,2008,-1
7402,2010,-1
7402,2011,-1
7402,2012,-1
7402,2007,-1
7402,2019,1441735
7402,2018,1346936
7403,2014,-1
7403,2016,-1
7403,2009,-1
7403,2021,721287
7403,2020,742928
7403,2011,-1
7403,2017,1107993
7403,2013,-1
7403,2010,-1
7403,2019,1018773
7403,2015,-1
7403,2018,970484
7403,2007,-1
7403,2008,-1
7403,2012,-1
7404,2009,-1
7404,2013,-1
7404,2019,1269078
7404,2018,1578273
7404,2007,-1
7404,2015,-1
7404,2017,1342130
7404,2020,1156264
7404,2016,-1
7404,2021,950085
7404,2008,-1
7404,2010,-1
7404,2011,-1
7404,2012,-1
7404,2014,-1
7406,2012,-1
7406,2018,945139
7406,2010,-1
7406,2008,-1
7406,2009,-1
7406,2021,727117
7406,2016,-1
7406,2020,733856
7406,2011,-1
7406,2019,942814
7406,2015,-1
7406,2007,-1
7406,2013,-1
7406,2014,-1
7406,2017,719487
7407,2017,1602249
7407,2015,-1
7407,2013,-1
7407,2014,-1
7407,2012,-1
7407,2011,-1
7407,2019,2342011
7407,2007,-1
7407,2016,-1
7407,2021,877303
7407,2009,-1
7407,2020,969517
7407,2010,-1
7407,2008,-1
7407,2018,2007298
7408,2007,-1
7408,2008,-1
7408,2019,1195337
7408,2021,890743
7408,2009,-1
7408,2018,1110917
7408,2010,-1
7408,2020,996649
7408,2016,-1
7408,2014,-1
7408,2017,1060998
7408,2011,-1
7408,2012,-1
7408,2015,-1
7408,2013,-1
7467,2013,-1
7467,2015,-1
7467,2016,-1
7467,2020,778844
7467,2017,962973
7467,2021,631946
7467,2012,-1
7467,2011,-1
7467,2007,-1
7467,2019,898106
7467,2014,-1
7467,2010,-1
7467,2018,891843
7467,2008,-1
7467,2009,-1
7473,2020,119939
7473,2018,282798
7473,2010,-1
7473,2019,322550
7473,2011,-1
7473,2013,-1
7473,2012,-1
7473,2015,-1
7473,2014,-1
7473,2016,-1
7473,2009,-1
7473,2008,-1
7473,2007,-1
7473,2021,183964
7473,2017,275227
9586,2013,-1
9586,2012,-1
9586,2011,-1
9586,2007,-1
9586,2019,3022704
9586,2015,-1
9586,2008,-1
9586,2009,-1
9586,2020,1547700
9586,2017,3307690
9586,2021,2061276
9586,2014,-1
9586,2018,3151525
9586,2016,-1
9586,2010,-1
9587,2020,2900189
9587,2007,-1
9587,2008,-1
9587,2016,-1
9587,2009,-1
9587,2017,8458803
9587,2013,-1
9587,2021,4551302
9587,2014,-1
9587,2012,-1
9587,2019,8312280
9587,2015,-1
9587,2010,-1
9587,2011,-1
9587,2018,8230210
9846,2014,-1
9846,2017,-1
9846,2012,-1
9846,2019,-1
9846,2018,-1
9846,2013,-1
9846,2010,-1
9846,2011,-1
9846,2015,-1
9846,2007,-1
9846,2009,-1
9846,2020,668011
9846,2016,-1
9846,2008,-1
9846,2021,260928
